Anchor,Positive,Negative
st/horse2zebra/img003759.jpg,st/photo2monet/img015183.jpg,st/horse2zebra/img004396.jpg
st/photo2monet/img013603.jpg,st/monet2photo/img010490.jpg,st/horse2zebra/img003604.jpg
st/horse2zebra/img000547.jpg,st/horse2zebra/img001505.jpg,st/photo2monet/img016316.jpg
st/photo2monet/img012915.jpg,st/photo2monet/img011557.jpg,st/horse2zebra/img004330.jpg
st/horse2zebra/img003015.jpg,st/horse2zebra/img004333.jpg,st/photo2monet/img010788.jpg
st/horse2zebra/img002377.jpg,st/monet2photo/img008402.jpg,st/photo2monet/img014419.jpg
st/photo2monet/img016134.jpg,st/photo2monet/img012569.jpg,st/horse2zebra/img002094.jpg
st/photo2monet/img016575.jpg,st/photo2monet/img010707.jpg,st/photo2monet/img017920.jpg
st/horse2zebra/img003891.jpg,st/monet2photo/img010574.jpg,st/photo2monet/img013007.jpg
st/monet2photo/img008536.jpg,st/photo2monet/img015798.jpg,st/horse2zebra/img003416.jpg
st/photo2monet/img014615.jpg,st/horse2zebra/img002219.jpg,st/horse2zebra/img002314.jpg
st/horse2zebra/img002623.jpg,st/horse2zebra/img002263.jpg,st/horse2zebra/img003938.jpg
st/horse2zebra/img001457.jpg,st/monet2photo/img009890.jpg,st/photo2monet/img015667.jpg
st/photo2monet/img012933.jpg,st/photo2monet/img015123.jpg,st/photo2monet/img012382.jpg
st/horse2zebra/img002853.jpg,st/horse2zebra/img000643.jpg,st/horse2zebra/img002396.jpg
st/photo2monet/img014044.jpg,st/horse2zebra/img004981.jpg,st/photo2monet/img015551.jpg
st/horse2zebra/img000339.jpg,st/monet2photo/img009392.jpg,st/horse2zebra/img005186.jpg
st/horse2zebra/img002611.jpg,st/photo2monet/img016239.jpg,st/monet2photo/img008389.jpg
st/horse2zebra/img002143.jpg,st/horse2zebra/img000775.jpg,st/horse2zebra/img001880.jpg
st/photo2monet/img013226.jpg,st/photo2monet/img012465.jpg,st/photo2monet/img011431.jpg
st/horse2zebra/img002977.jpg,st/monet2photo/img008462.jpg,st/horse2zebra/img001760.jpg
st/photo2monet/img016505.jpg,st/horse2zebra/img003979.jpg,st/photo2monet/img013054.jpg
st/horse2zebra/img000829.jpg,st/photo2monet/img013175.jpg,st/photo2monet/img017405.jpg
st/horse2zebra/img003163.jpg,st/photo2monet/img011970.jpg,st/monet2photo/img010565.jpg
st/horse2zebra/img005093.jpg,st/horse2zebra/img003105.jpg,st/photo2monet/img013874.jpg
st/horse2zebra/img001399.jpg,st/photo2monet/img014566.jpg,st/photo2monet/img011879.jpg
st/monet2photo/img008736.jpg,st/horse2zebra/img002249.jpg,st/horse2zebra/img003668.jpg
st/photo2monet/img014884.jpg,st/horse2zebra/img002989.jpg,st/monet2photo/img008363.jpg
st/monet2photo/img009762.jpg,st/horse2zebra/img002237.jpg,st/monet2photo/img008633.jpg
st/monet2photo/img010314.jpg,st/photo2monet/img014363.jpg,st/horse2zebra/img003406.jpg
st/horse2zebra/img002351.jpg,st/photo2monet/img014130.jpg,st/photo2monet/img011090.jpg
st/photo2monet/img014438.jpg,st/monet2photo/img009820.jpg,st/monet2photo/img010493.jpg
st/photo2monet/img014736.jpg,st/photo2monet/img017996.jpg,st/horse2zebra/img001498.jpg
st/horse2zebra/img000219.jpg,st/photo2monet/img012818.jpg,st/photo2monet/img015017.jpg
st/photo2monet/img012467.jpg,st/photo2monet/img018112.jpg,st/photo2monet/img011639.jpg
st/photo2monet/img014876.jpg,st/horse2zebra/img004775.jpg,st/photo2monet/img013264.jpg
st/horse2zebra/img001635.jpg,st/monet2photo/img008912.jpg,st/photo2monet/img012509.jpg
st/horse2zebra/img001727.jpg,st/photo2monet/img017819.jpg,st/photo2monet/img015380.jpg
st/photo2monet/img017208.jpg,st/photo2monet/img012633.jpg,st/horse2zebra/img001406.jpg
st/photo2monet/img014374.jpg,st/horse2zebra/img003615.jpg,st/photo2monet/img014601.jpg
st/photo2monet/img014398.jpg,st/photo2monet/img013851.jpg,st/horse2zebra/img004774.jpg
st/horse2zebra/img002221.jpg,st/horse2zebra/img004865.jpg,st/horse2zebra/img004272.jpg
st/photo2monet/img016897.jpg,st/horse2zebra/img000801.jpg,st/monet2photo/img009343.jpg
st/photo2monet/img014792.jpg,st/horse2zebra/img000641.jpg,st/horse2zebra/img002714.jpg
st/monet2photo/img009964.jpg,st/photo2monet/img013613.jpg,st/horse2zebra/img000018.jpg
st/photo2monet/img017713.jpg,st/monet2photo/img010038.jpg,st/monet2photo/img008793.jpg
st/monet2photo/img010534.jpg,st/photo2monet/img013496.jpg,st/horse2zebra/img000916.jpg
st/photo2monet/img012951.jpg,st/photo2monet/img017971.jpg,st/horse2zebra/img003714.jpg
st/horse2zebra/img004449.jpg,st/photo2monet/img014219.jpg,st/monet2photo/img009349.jpg
st/photo2monet/img012861.jpg,st/horse2zebra/img000933.jpg,st/photo2monet/img013329.jpg
st/photo2monet/img013923.jpg,st/horse2zebra/img000895.jpg,st/horse2zebra/img004528.jpg
st/horse2zebra/img001741.jpg,st/photo2monet/img011359.jpg,st/horse2zebra/img004676.jpg
st/photo2monet/img015425.jpg,st/photo2monet/img017505.jpg,st/horse2zebra/img002346.jpg
st/monet2photo/img009778.jpg,st/monet2photo/img009808.jpg,st/monet2photo/img008393.jpg
st/horse2zebra/img003549.jpg,st/horse2zebra/img001513.jpg,st/photo2monet/img012023.jpg
st/horse2zebra/img003989.jpg,st/monet2photo/img009864.jpg,st/monet2photo/img009563.jpg
st/monet2photo/img010172.jpg,st/photo2monet/img017216.jpg,st/photo2monet/img015639.jpg
st/monet2photo/img009336.jpg,st/photo2monet/img015145.jpg,st/photo2monet/img015396.jpg
st/photo2monet/img011343.jpg,st/photo2monet/img012529.jpg,st/photo2monet/img010954.jpg
st/photo2monet/img013971.jpg,st/photo2monet/img012565.jpg,st/photo2monet/img013736.jpg
st/horse2zebra/img004735.jpg,st/photo2monet/img014325.jpg,st/monet2photo/img010313.jpg
st/horse2zebra/img003983.jpg,st/photo2monet/img012228.jpg,st/monet2photo/img008603.jpg
st/horse2zebra/img001827.jpg,st/photo2monet/img015730.jpg,st/monet2photo/img010307.jpg
st/horse2zebra/img004749.jpg,st/horse2zebra/img003107.jpg,st/photo2monet/img013787.jpg
st/monet2photo/img008598.jpg,st/photo2monet/img018053.jpg,st/photo2monet/img013565.jpg
st/photo2monet/img012885.jpg,st/monet2photo/img008412.jpg,st/horse2zebra/img002978.jpg
st/photo2monet/img017093.jpg,st/photo2monet/img012108.jpg,st/photo2monet/img017340.jpg
st/horse2zebra/img003829.jpg,st/horse2zebra/img005303.jpg,st/photo2monet/img012330.jpg
st/horse2zebra/img000697.jpg,st/photo2monet/img015491.jpg,st/photo2monet/img015547.jpg
st/horse2zebra/img000945.jpg,st/photo2monet/img016488.jpg,st/horse2zebra/img000486.jpg
st/horse2zebra/img002855.jpg,st/horse2zebra/img004971.jpg,st/photo2monet/img017608.jpg
st/horse2zebra/img003651.jpg,st/monet2photo/img008748.jpg,st/photo2monet/img013661.jpg
st/photo2monet/img017430.jpg,st/monet2photo/img009742.jpg,st/photo2monet/img017292.jpg
st/photo2monet/img013310.jpg,st/photo2monet/img018134.jpg,st/monet2photo/img008303.jpg
st/horse2zebra/img002425.jpg,st/horse2zebra/img000579.jpg,st/monet2photo/img008799.jpg
st/photo2monet/img015022.jpg,st/photo2monet/img012666.jpg,st/monet2photo/img009005.jpg
st/monet2photo/img008946.jpg,st/photo2monet/img013545.jpg,st/photo2monet/img014874.jpg
st/horse2zebra/img000695.jpg,st/photo2monet/img012967.jpg,st/photo2monet/img015501.jpg
st/monet2photo/img008658.jpg,st/monet2photo/img008656.jpg,st/photo2monet/img012292.jpg
st/monet2photo/img008326.jpg,st/photo2monet/img011015.jpg,st/horse2zebra/img001972.jpg
st/horse2zebra/img004909.jpg,st/photo2monet/img011853.jpg,st/photo2monet/img011129.jpg
st/photo2monet/img013380.jpg,st/photo2monet/img013624.jpg,st/photo2monet/img015113.jpg
st/monet2photo/img008872.jpg,st/photo2monet/img013598.jpg,st/photo2monet/img014594.jpg
st/horse2zebra/img003393.jpg,st/horse2zebra/img002313.jpg,st/photo2monet/img017800.jpg
st/horse2zebra/img001669.jpg,st/photo2monet/img012346.jpg,st/photo2monet/img012755.jpg
st/photo2monet/img014779.jpg,st/horse2zebra/img002223.jpg,st/photo2monet/img017901.jpg
st/horse2zebra/img000007.jpg,st/horse2zebra/img004795.jpg,st/photo2monet/img018006.jpg
st/horse2zebra/img001915.jpg,st/horse2zebra/img005293.jpg,st/photo2monet/img013302.jpg
st/photo2monet/img017591.jpg,st/horse2zebra/img004651.jpg,st/horse2zebra/img001460.jpg
st/photo2monet/img011139.jpg,st/horse2zebra/img000779.jpg,st/photo2monet/img016998.jpg
st/horse2zebra/img001839.jpg,st/photo2monet/img014468.jpg,st/monet2photo/img009457.jpg
st/horse2zebra/img001569.jpg,st/photo2monet/img012031.jpg,st/photo2monet/img015411.jpg
st/monet2photo/img009450.jpg,st/horse2zebra/img002149.jpg,st/horse2zebra/img004562.jpg
st/horse2zebra/img002303.jpg,st/monet2photo/img009626.jpg,st/monet2photo/img010305.jpg
st/horse2zebra/img001321.jpg,st/photo2monet/img013704.jpg,st/photo2monet/img015956.jpg
st/photo2monet/img012265.jpg,st/photo2monet/img013742.jpg,st/photo2monet/img014651.jpg
st/photo2monet/img012919.jpg,st/horse2zebra/img000631.jpg,st/photo2monet/img016718.jpg
st/horse2zebra/img003417.jpg,st/horse2zebra/img000439.jpg,st/monet2photo/img009537.jpg
st/photo2monet/img014645.jpg,st/photo2monet/img016103.jpg,st/photo2monet/img014119.jpg
st/photo2monet/img016976.jpg,st/photo2monet/img015953.jpg,st/horse2zebra/img003026.jpg
st/monet2photo/img010030.jpg,st/photo2monet/img017238.jpg,st/horse2zebra/img000048.jpg
st/photo2monet/img017398.jpg,st/photo2monet/img017432.jpg,st/horse2zebra/img002414.jpg
st/photo2monet/img015365.jpg,st/monet2photo/img009016.jpg,st/horse2zebra/img000144.jpg
st/horse2zebra/img005319.jpg,st/photo2monet/img011228.jpg,st/photo2monet/img010770.jpg
st/photo2monet/img017013.jpg,st/horse2zebra/img004313.jpg,st/horse2zebra/img002880.jpg
st/horse2zebra/img004545.jpg,st/photo2monet/img014896.jpg,st/photo2monet/img016243.jpg
st/horse2zebra/img005117.jpg,st/photo2monet/img016175.jpg,st/horse2zebra/img002510.jpg
st/photo2monet/img013190.jpg,st/photo2monet/img015783.jpg,st/photo2monet/img011758.jpg
st/horse2zebra/img002935.jpg,st/horse2zebra/img005245.jpg,st/horse2zebra/img001210.jpg
st/monet2photo/img008890.jpg,st/monet2photo/img009244.jpg,st/horse2zebra/img004952.jpg
st/photo2monet/img016173.jpg,st/horse2zebra/img004575.jpg,st/horse2zebra/img000808.jpg
st/horse2zebra/img000731.jpg,st/photo2monet/img017459.jpg,st/photo2monet/img013381.jpg
st/photo2monet/img014255.jpg,st/photo2monet/img015985.jpg,st/photo2monet/img015406.jpg
st/photo2monet/img011631.jpg,st/horse2zebra/img003845.jpg,st/horse2zebra/img000970.jpg
st/photo2monet/img016066.jpg,st/horse2zebra/img005297.jpg,st/photo2monet/img014296.jpg
st/horse2zebra/img001245.jpg,st/horse2zebra/img002391.jpg,st/photo2monet/img015509.jpg
st/photo2monet/img016012.jpg,st/photo2monet/img015652.jpg,st/monet2photo/img008809.jpg
st/photo2monet/img010706.jpg,st/horse2zebra/img004753.jpg,st/photo2monet/img013501.jpg
st/photo2monet/img016920.jpg,st/horse2zebra/img000275.jpg,st/horse2zebra/img002508.jpg
st/horse2zebra/img003985.jpg,st/horse2zebra/img000569.jpg,st/horse2zebra/img001740.jpg
st/horse2zebra/img004763.jpg,st/photo2monet/img014474.jpg,st/monet2photo/img009455.jpg
st/monet2photo/img008944.jpg,st/photo2monet/img012337.jpg,st/photo2monet/img013293.jpg
st/horse2zebra/img002747.jpg,st/photo2monet/img011680.jpg,st/photo2monet/img017615.jpg
st/monet2photo/img010436.jpg,st/photo2monet/img016548.jpg,st/horse2zebra/img005074.jpg
st/photo2monet/img016470.jpg,st/horse2zebra/img002277.jpg,st/photo2monet/img013656.jpg
st/horse2zebra/img001631.jpg,st/horse2zebra/img003325.jpg,st/photo2monet/img012808.jpg
st/photo2monet/img013680.jpg,st/photo2monet/img017433.jpg,st/photo2monet/img016329.jpg
st/monet2photo/img008978.jpg,st/photo2monet/img013925.jpg,st/horse2zebra/img001950.jpg
st/photo2monet/img013732.jpg,st/photo2monet/img016603.jpg,st/horse2zebra/img003178.jpg
st/photo2monet/img017513.jpg,st/horse2zebra/img003507.jpg,st/monet2photo/img008309.jpg
st/photo2monet/img014756.jpg,st/photo2monet/img014131.jpg,st/photo2monet/img011814.jpg
st/photo2monet/img015363.jpg,st/photo2monet/img011443.jpg,st/monet2photo/img008335.jpg
st/photo2monet/img014185.jpg,st/photo2monet/img013274.jpg,st/photo2monet/img013040.jpg
st/photo2monet/img013491.jpg,st/horse2zebra/img002845.jpg,st/photo2monet/img012908.jpg
st/photo2monet/img013575.jpg,st/monet2photo/img010422.jpg,st/horse2zebra/img002698.jpg
st/photo2monet/img014955.jpg,st/horse2zebra/img003223.jpg,st/photo2monet/img010959.jpg
st/monet2photo/img009522.jpg,st/photo2monet/img017770.jpg,st/horse2zebra/img005300.jpg
st/monet2photo/img009118.jpg,st/horse2zebra/img000881.jpg,st/photo2monet/img017503.jpg
st/horse2zebra/img000271.jpg,st/photo2monet/img018077.jpg,st/monet2photo/img009421.jpg
st/horse2zebra/img002225.jpg,st/photo2monet/img017163.jpg,st/photo2monet/img018170.jpg
st/photo2monet/img015562.jpg,st/photo2monet/img017328.jpg,st/photo2monet/img011017.jpg
st/photo2monet/img016185.jpg,st/photo2monet/img017087.jpg,st/photo2monet/img011915.jpg
st/horse2zebra/img004743.jpg,st/photo2monet/img011367.jpg,st/photo2monet/img012945.jpg
st/photo2monet/img016829.jpg,st/photo2monet/img014860.jpg,st/monet2photo/img010525.jpg
st/horse2zebra/img003905.jpg,st/photo2monet/img012687.jpg,st/horse2zebra/img002872.jpg
st/horse2zebra/img001999.jpg,st/photo2monet/img016694.jpg,st/horse2zebra/img003066.jpg
st/horse2zebra/img002329.jpg,st/horse2zebra/img000839.jpg,st/horse2zebra/img000542.jpg
st/horse2zebra/img004207.jpg,st/monet2photo/img009718.jpg,st/photo2monet/img017827.jpg
st/monet2photo/img010186.jpg,st/photo2monet/img016917.jpg,st/photo2monet/img011147.jpg
st/photo2monet/img016951.jpg,st/photo2monet/img012195.jpg,st/horse2zebra/img002882.jpg
st/monet2photo/img009152.jpg,st/monet2photo/img009236.jpg,st/photo2monet/img012961.jpg
st/horse2zebra/img001259.jpg,st/monet2photo/img010368.jpg,st/photo2monet/img013311.jpg
st/horse2zebra/img004191.jpg,st/horse2zebra/img003453.jpg,st/photo2monet/img010782.jpg
st/monet2photo/img010340.jpg,st/photo2monet/img014597.jpg,st/photo2monet/img013203.jpg
st/monet2photo/img009440.jpg,st/photo2monet/img013643.jpg,st/monet2photo/img009835.jpg
st/horse2zebra/img001001.jpg,st/photo2monet/img017313.jpg,st/horse2zebra/img003320.jpg
st/horse2zebra/img004705.jpg,st/horse2zebra/img000233.jpg,st/monet2photo/img009799.jpg
st/horse2zebra/img002467.jpg,st/monet2photo/img009582.jpg,st/horse2zebra/img005242.jpg
st/monet2photo/img010454.jpg,st/horse2zebra/img002839.jpg,st/horse2zebra/img002154.jpg
st/monet2photo/img010268.jpg,st/monet2photo/img010258.jpg,st/monet2photo/img009273.jpg
st/monet2photo/img010464.jpg,st/monet2photo/img010362.jpg,st/photo2monet/img017601.jpg
st/photo2monet/img012870.jpg,st/photo2monet/img013597.jpg,st/photo2monet/img011964.jpg
st/monet2photo/img009984.jpg,st/monet2photo/img009374.jpg,st/photo2monet/img015977.jpg
st/photo2monet/img016746.jpg,st/photo2monet/img016247.jpg,st/photo2monet/img015335.jpg
st/monet2photo/img009154.jpg,st/horse2zebra/img003571.jpg,st/horse2zebra/img002750.jpg
st/horse2zebra/img004965.jpg,st/horse2zebra/img001025.jpg,st/photo2monet/img010883.jpg
st/photo2monet/img011991.jpg,st/horse2zebra/img000441.jpg,st/photo2monet/img017806.jpg
st/photo2monet/img017941.jpg,st/photo2monet/img016479.jpg,st/photo2monet/img014973.jpg
st/photo2monet/img012668.jpg,st/monet2photo/img010516.jpg,st/photo2monet/img011281.jpg
st/horse2zebra/img003643.jpg,st/horse2zebra/img005251.jpg,st/photo2monet/img014161.jpg
st/horse2zebra/img001875.jpg,st/horse2zebra/img003017.jpg,st/horse2zebra/img004678.jpg
st/photo2monet/img010891.jpg,st/horse2zebra/img004447.jpg,st/photo2monet/img017624.jpg
st/photo2monet/img012776.jpg,st/photo2monet/img012000.jpg,st/monet2photo/img009147.jpg
st/horse2zebra/img004737.jpg,st/monet2photo/img008932.jpg,st/monet2photo/img008437.jpg
st/photo2monet/img014429.jpg,st/horse2zebra/img001567.jpg,st/photo2monet/img011126.jpg
st/photo2monet/img012624.jpg,st/monet2photo/img008710.jpg,st/horse2zebra/img002472.jpg
st/photo2monet/img012990.jpg,st/photo2monet/img010963.jpg,st/photo2monet/img013419.jpg
st/monet2photo/img010488.jpg,st/horse2zebra/img003955.jpg,st/horse2zebra/img000736.jpg
st/photo2monet/img010781.jpg,st/monet2photo/img009304.jpg,st/horse2zebra/img003616.jpg
st/photo2monet/img015927.jpg,st/monet2photo/img010438.jpg,st/photo2monet/img018090.jpg
st/horse2zebra/img003711.jpg,st/monet2photo/img009770.jpg,st/horse2zebra/img004730.jpg
st/photo2monet/img014268.jpg,st/photo2monet/img018113.jpg,st/horse2zebra/img005010.jpg
st/photo2monet/img014186.jpg,st/horse2zebra/img000291.jpg,st/horse2zebra/img000174.jpg
st/photo2monet/img015610.jpg,st/horse2zebra/img003093.jpg,st/photo2monet/img017893.jpg
st/photo2monet/img012866.jpg,st/photo2monet/img014171.jpg,st/photo2monet/img011074.jpg
st/horse2zebra/img005189.jpg,st/monet2photo/img008730.jpg,st/photo2monet/img016974.jpg
st/horse2zebra/img000827.jpg,st/horse2zebra/img000169.jpg,st/photo2monet/img016416.jpg
st/photo2monet/img017108.jpg,st/horse2zebra/img001491.jpg,st/photo2monet/img011994.jpg
st/horse2zebra/img004529.jpg,st/photo2monet/img015209.jpg,st/photo2monet/img011047.jpg
st/monet2photo/img008910.jpg,st/horse2zebra/img003797.jpg,st/horse2zebra/img002870.jpg
st/photo2monet/img014922.jpg,st/photo2monet/img013543.jpg,st/horse2zebra/img001072.jpg
st/photo2monet/img017816.jpg,st/monet2photo/img009584.jpg,st/photo2monet/img014079.jpg
st/horse2zebra/img000497.jpg,st/photo2monet/img011080.jpg,st/photo2monet/img011551.jpg
st/photo2monet/img012121.jpg,st/photo2monet/img012181.jpg,st/monet2photo/img008555.jpg
st/horse2zebra/img003673.jpg,st/horse2zebra/img002603.jpg,st/horse2zebra/img004344.jpg
st/photo2monet/img016909.jpg,st/photo2monet/img010958.jpg,st/photo2monet/img015950.jpg
st/photo2monet/img011624.jpg,st/horse2zebra/img001771.jpg,st/monet2photo/img009605.jpg
st/horse2zebra/img003729.jpg,st/horse2zebra/img002771.jpg,st/photo2monet/img017489.jpg
st/photo2monet/img017955.jpg,st/photo2monet/img010872.jpg,st/horse2zebra/img002434.jpg
st/photo2monet/img017994.jpg,st/photo2monet/img011562.jpg,st/horse2zebra/img000912.jpg
st/horse2zebra/img002923.jpg,st/photo2monet/img013536.jpg,st/photo2monet/img014725.jpg
st/photo2monet/img013651.jpg,st/photo2monet/img012996.jpg,st/photo2monet/img015926.jpg
st/photo2monet/img012001.jpg,st/monet2photo/img010414.jpg,st/photo2monet/img012095.jpg
st/photo2monet/img014204.jpg,st/horse2zebra/img001997.jpg,st/photo2monet/img014936.jpg
st/monet2photo/img010626.jpg,st/horse2zebra/img001927.jpg,st/photo2monet/img015015.jpg
st/photo2monet/img011694.jpg,st/photo2monet/img016265.jpg,st/photo2monet/img011169.jpg
st/photo2monet/img013781.jpg,st/photo2monet/img013465.jpg,st/photo2monet/img011673.jpg
st/photo2monet/img015095.jpg,st/photo2monet/img011178.jpg,st/horse2zebra/img004360.jpg
st/monet2photo/img010072.jpg,st/horse2zebra/img002477.jpg,st/horse2zebra/img001426.jpg
st/photo2monet/img014111.jpg,st/photo2monet/img012469.jpg,st/horse2zebra/img001924.jpg
st/photo2monet/img016210.jpg,st/photo2monet/img014985.jpg,st/photo2monet/img017897.jpg
st/horse2zebra/img002791.jpg,st/monet2photo/img010564.jpg,st/horse2zebra/img005260.jpg
st/monet2photo/img009082.jpg,st/horse2zebra/img000167.jpg,st/photo2monet/img017346.jpg
st/monet2photo/img009364.jpg,st/photo2monet/img015870.jpg,st/photo2monet/img015074.jpg
st/photo2monet/img013425.jpg,st/photo2monet/img011296.jpg,st/horse2zebra/img002722.jpg
st/photo2monet/img013707.jpg,st/photo2monet/img016571.jpg,st/photo2monet/img015841.jpg
st/horse2zebra/img002777.jpg,st/horse2zebra/img005197.jpg,st/horse2zebra/img002386.jpg
st/photo2monet/img015736.jpg,st/photo2monet/img014676.jpg,st/photo2monet/img012937.jpg
st/monet2photo/img008342.jpg,st/horse2zebra/img004849.jpg,st/horse2zebra/img004970.jpg
st/photo2monet/img012417.jpg,st/photo2monet/img012110.jpg,st/photo2monet/img016579.jpg
st/horse2zebra/img003575.jpg,st/photo2monet/img017823.jpg,st/horse2zebra/img003010.jpg
st/horse2zebra/img002037.jpg,st/horse2zebra/img001605.jpg,st/horse2zebra/img002160.jpg
st/horse2zebra/img004401.jpg,st/photo2monet/img015448.jpg,st/photo2monet/img011252.jpg
st/photo2monet/img012641.jpg,st/monet2photo/img009342.jpg,st/monet2photo/img008895.jpg
st/photo2monet/img011501.jpg,st/photo2monet/img012652.jpg,st/photo2monet/img012863.jpg
st/horse2zebra/img002187.jpg,st/photo2monet/img016580.jpg,st/photo2monet/img013107.jpg
st/monet2photo/img010000.jpg,st/horse2zebra/img001921.jpg,st/photo2monet/img017581.jpg
st/photo2monet/img010855.jpg,st/monet2photo/img009950.jpg,st/photo2monet/img014287.jpg
st/monet2photo/img008740.jpg,st/photo2monet/img013510.jpg,st/monet2photo/img008319.jpg
st/horse2zebra/img000389.jpg,st/photo2monet/img011071.jpg,st/monet2photo/img009723.jpg
st/monet2photo/img010290.jpg,st/monet2photo/img009918.jpg,st/photo2monet/img017327.jpg
st/horse2zebra/img003435.jpg,st/horse2zebra/img000981.jpg,st/monet2photo/img009331.jpg
st/monet2photo/img009418.jpg,st/photo2monet/img013168.jpg,st/photo2monet/img011719.jpg
st/horse2zebra/img000373.jpg,st/horse2zebra/img004593.jpg,st/monet2photo/img010467.jpg
st/photo2monet/img015511.jpg,st/horse2zebra/img002759.jpg,st/photo2monet/img011010.jpg
st/horse2zebra/img000305.jpg,st/photo2monet/img012900.jpg,st/photo2monet/img011733.jpg
st/photo2monet/img018036.jpg,st/monet2photo/img009048.jpg,st/horse2zebra/img004364.jpg
st/photo2monet/img016559.jpg,st/monet2photo/img009174.jpg,st/horse2zebra/img004574.jpg
st/monet2photo/img008894.jpg,st/horse2zebra/img004475.jpg,st/photo2monet/img012484.jpg
st/horse2zebra/img004317.jpg,st/photo2monet/img015617.jpg,st/horse2zebra/img003520.jpg
st/photo2monet/img017190.jpg,st/photo2monet/img016672.jpg,st/monet2photo/img009263.jpg
st/horse2zebra/img000187.jpg,st/photo2monet/img013655.jpg,st/photo2monet/img012583.jpg
st/horse2zebra/img000221.jpg,st/horse2zebra/img003353.jpg,st/photo2monet/img014716.jpg
st/monet2photo/img008652.jpg,st/horse2zebra/img003293.jpg,st/photo2monet/img014724.jpg
st/monet2photo/img009736.jpg,st/photo2monet/img013074.jpg,st/photo2monet/img017050.jpg
st/horse2zebra/img000149.jpg,st/horse2zebra/img004945.jpg,st/horse2zebra/img003308.jpg
st/monet2photo/img008362.jpg,st/monet2photo/img009230.jpg,st/photo2monet/img014870.jpg
st/photo2monet/img012037.jpg,st/horse2zebra/img002323.jpg,st/photo2monet/img016620.jpg
st/monet2photo/img008596.jpg,st/photo2monet/img014993.jpg,st/horse2zebra/img005082.jpg
st/monet2photo/img008438.jpg,st/horse2zebra/img000199.jpg,st/monet2photo/img010543.jpg
st/photo2monet/img014589.jpg,st/photo2monet/img012579.jpg,st/horse2zebra/img004066.jpg
st/photo2monet/img017022.jpg,st/photo2monet/img013887.jpg,st/monet2photo/img009471.jpg
st/photo2monet/img015878.jpg,st/photo2monet/img015805.jpg,st/monet2photo/img010443.jpg
st/photo2monet/img017263.jpg,st/horse2zebra/img003719.jpg,st/photo2monet/img017651.jpg
st/horse2zebra/img002671.jpg,st/horse2zebra/img000853.jpg,st/horse2zebra/img001716.jpg
st/photo2monet/img016968.jpg,st/horse2zebra/img001415.jpg,st/photo2monet/img017691.jpg
st/horse2zebra/img002529.jpg,st/horse2zebra/img005045.jpg,st/horse2zebra/img003578.jpg
st/horse2zebra/img000395.jpg,st/horse2zebra/img003337.jpg,st/photo2monet/img015462.jpg
st/monet2photo/img009020.jpg,st/photo2monet/img011051.jpg,st/photo2monet/img015963.jpg
st/horse2zebra/img000543.jpg,st/horse2zebra/img003087.jpg,st/horse2zebra/img002188.jpg
st/monet2photo/img009910.jpg,st/horse2zebra/img002067.jpg,st/photo2monet/img010957.jpg
st/photo2monet/img017672.jpg,st/photo2monet/img017371.jpg,st/horse2zebra/img005248.jpg
st/photo2monet/img016894.jpg,st/photo2monet/img013690.jpg,st/horse2zebra/img005160.jpg
st/horse2zebra/img001951.jpg,st/horse2zebra/img005049.jpg,st/photo2monet/img012969.jpg
st/photo2monet/img016116.jpg,st/horse2zebra/img000533.jpg,st/horse2zebra/img004716.jpg
st/photo2monet/img010828.jpg,st/monet2photo/img008634.jpg,st/photo2monet/img011828.jpg
st/monet2photo/img010234.jpg,st/horse2zebra/img001575.jpg,st/photo2monet/img017734.jpg
st/photo2monet/img011981.jpg,st/photo2monet/img015587.jpg,st/photo2monet/img014050.jpg
st/photo2monet/img013759.jpg,st/photo2monet/img014345.jpg,st/photo2monet/img013836.jpg
st/photo2monet/img015442.jpg,st/photo2monet/img011148.jpg,st/horse2zebra/img001914.jpg
st/photo2monet/img011294.jpg,st/photo2monet/img013859.jpg,st/photo2monet/img014028.jpg
st/horse2zebra/img003685.jpg,st/horse2zebra/img003697.jpg,st/photo2monet/img017701.jpg
st/horse2zebra/img004771.jpg,st/horse2zebra/img003779.jpg,st/photo2monet/img011395.jpg
st/horse2zebra/img004121.jpg,st/photo2monet/img014723.jpg,st/photo2monet/img011269.jpg
st/photo2monet/img010951.jpg,st/photo2monet/img016873.jpg,st/horse2zebra/img001446.jpg
st/horse2zebra/img000703.jpg,st/monet2photo/img009490.jpg,st/monet2photo/img009065.jpg
st/photo2monet/img015871.jpg,st/horse2zebra/img002521.jpg,st/photo2monet/img014834.jpg
st/horse2zebra/img004581.jpg,st/photo2monet/img011044.jpg,st/photo2monet/img017081.jpg
st/photo2monet/img012532.jpg,st/horse2zebra/img000381.jpg,st/photo2monet/img014660.jpg
st/photo2monet/img012553.jpg,st/photo2monet/img014027.jpg,st/photo2monet/img012597.jpg
st/photo2monet/img011968.jpg,st/photo2monet/img016180.jpg,st/photo2monet/img013760.jpg
st/horse2zebra/img000089.jpg,st/horse2zebra/img001761.jpg,st/photo2monet/img011929.jpg
st/horse2zebra/img000589.jpg,st/photo2monet/img017162.jpg,st/monet2photo/img008539.jpg
st/horse2zebra/img002181.jpg,st/photo2monet/img017851.jpg,st/horse2zebra/img002004.jpg
st/horse2zebra/img002293.jpg,st/monet2photo/img009198.jpg,st/horse2zebra/img003200.jpg
st/photo2monet/img016860.jpg,st/monet2photo/img009482.jpg,st/photo2monet/img017481.jpg
st/photo2monet/img018184.jpg,st/monet2photo/img009658.jpg,st/horse2zebra/img001416.jpg
st/photo2monet/img015434.jpg,st/photo2monet/img012055.jpg,st/monet2photo/img009851.jpg
st/horse2zebra/img001933.jpg,st/horse2zebra/img001793.jpg,st/horse2zebra/img001284.jpg
st/monet2photo/img010244.jpg,st/monet2photo/img009036.jpg,st/photo2monet/img012720.jpg
st/photo2monet/img014177.jpg,st/horse2zebra/img001549.jpg,st/horse2zebra/img002076.jpg
st/photo2monet/img015109.jpg,st/monet2photo/img009790.jpg,st/photo2monet/img015529.jpg
st/horse2zebra/img001975.jpg,st/monet2photo/img010394.jpg,st/horse2zebra/img003920.jpg
st/photo2monet/img014005.jpg,st/monet2photo/img008810.jpg,st/horse2zebra/img002568.jpg
st/monet2photo/img008648.jpg,st/horse2zebra/img003251.jpg,st/photo2monet/img017302.jpg
st/photo2monet/img017642.jpg,st/horse2zebra/img000185.jpg,st/monet2photo/img010057.jpg
st/monet2photo/img009366.jpg,st/photo2monet/img013961.jpg,st/photo2monet/img015969.jpg
st/photo2monet/img016851.jpg,st/horse2zebra/img002501.jpg,st/monet2photo/img008875.jpg
st/photo2monet/img016087.jpg,st/photo2monet/img016950.jpg,st/photo2monet/img016847.jpg
st/photo2monet/img013972.jpg,st/horse2zebra/img002305.jpg,st/photo2monet/img014638.jpg
st/horse2zebra/img000891.jpg,st/horse2zebra/img003235.jpg,st/horse2zebra/img003176.jpg
st/horse2zebra/img003741.jpg,st/photo2monet/img011543.jpg,st/horse2zebra/img002206.jpg
st/photo2monet/img015047.jpg,st/photo2monet/img016021.jpg,st/horse2zebra/img002116.jpg
st/photo2monet/img012607.jpg,st/photo2monet/img017666.jpg,st/photo2monet/img017570.jpg
st/horse2zebra/img005035.jpg,st/photo2monet/img014223.jpg,st/horse2zebra/img003366.jpg
st/photo2monet/img014862.jpg,st/horse2zebra/img002797.jpg,st/horse2zebra/img002200.jpg
st/monet2photo/img010142.jpg,st/photo2monet/img011550.jpg,st/photo2monet/img012354.jpg
st/photo2monet/img012226.jpg,st/photo2monet/img017869.jpg,st/horse2zebra/img002338.jpg
st/horse2zebra/img003931.jpg,st/horse2zebra/img001815.jpg,st/monet2photo/img010337.jpg
st/photo2monet/img013958.jpg,st/horse2zebra/img002431.jpg,st/photo2monet/img013431.jpg
st/photo2monet/img012621.jpg,st/photo2monet/img014400.jpg,st/horse2zebra/img002664.jpg
st/photo2monet/img018033.jpg,st/horse2zebra/img003689.jpg,st/horse2zebra/img003284.jpg
st/horse2zebra/img001799.jpg,st/photo2monet/img013280.jpg,st/photo2monet/img014666.jpg
st/photo2monet/img014278.jpg,st/photo2monet/img011944.jpg,st/horse2zebra/img000684.jpg
st/photo2monet/img013300.jpg,st/photo2monet/img015139.jpg,st/horse2zebra/img003710.jpg
st/photo2monet/img011646.jpg,st/monet2photo/img009476.jpg,st/photo2monet/img011409.jpg
st/photo2monet/img014104.jpg,st/horse2zebra/img004803.jpg,st/horse2zebra/img001008.jpg
st/photo2monet/img011045.jpg,st/photo2monet/img017926.jpg,st/photo2monet/img013688.jpg
st/photo2monet/img017455.jpg,st/horse2zebra/img000293.jpg,st/horse2zebra/img002316.jpg
st/horse2zebra/img005235.jpg,st/photo2monet/img011941.jpg,st/photo2monet/img017252.jpg
st/horse2zebra/img000329.jpg,st/horse2zebra/img000325.jpg,st/photo2monet/img014551.jpg
st/horse2zebra/img002663.jpg,st/horse2zebra/img000043.jpg,st/photo2monet/img011773.jpg
st/photo2monet/img015938.jpg,st/monet2photo/img009642.jpg,st/photo2monet/img017006.jpg
st/horse2zebra/img004283.jpg,st/horse2zebra/img005221.jpg,st/horse2zebra/img001118.jpg
st/horse2zebra/img001035.jpg,st/photo2monet/img017540.jpg,st/photo2monet/img014247.jpg
st/horse2zebra/img002561.jpg,st/photo2monet/img016668.jpg,st/photo2monet/img013546.jpg
st/horse2zebra/img003877.jpg,st/monet2photo/img010598.jpg,st/photo2monet/img017150.jpg
st/photo2monet/img017670.jpg,st/monet2photo/img009936.jpg,st/photo2monet/img017226.jpg
st/horse2zebra/img001813.jpg,st/horse2zebra/img002995.jpg,st/monet2photo/img008451.jpg
st/photo2monet/img015476.jpg,st/photo2monet/img015240.jpg,st/horse2zebra/img004908.jpg
st/photo2monet/img017914.jpg,st/photo2monet/img014162.jpg,st/monet2photo/img009793.jpg
st/horse2zebra/img001499.jpg,st/horse2zebra/img003713.jpg,st/photo2monet/img017509.jpg
st/horse2zebra/img004739.jpg,st/photo2monet/img015648.jpg,st/photo2monet/img017086.jpg
st/photo2monet/img013606.jpg,st/photo2monet/img015792.jpg,st/photo2monet/img017537.jpg
st/horse2zebra/img004161.jpg,st/photo2monet/img010924.jpg,st/monet2photo/img008687.jpg
st/photo2monet/img017382.jpg,st/monet2photo/img009018.jpg,st/horse2zebra/img005162.jpg
st/horse2zebra/img000173.jpg,st/horse2zebra/img004805.jpg,st/photo2monet/img010839.jpg
st/photo2monet/img015747.jpg,st/horse2zebra/img001817.jpg,st/monet2photo/img009207.jpg
st/horse2zebra/img001935.jpg,st/horse2zebra/img002709.jpg,st/photo2monet/img016270.jpg
st/photo2monet/img011079.jpg,st/horse2zebra/img003169.jpg,st/monet2photo/img008891.jpg
st/photo2monet/img014826.jpg,st/horse2zebra/img001763.jpg,st/horse2zebra/img003554.jpg
st/photo2monet/img012669.jpg,st/photo2monet/img012234.jpg,st/horse2zebra/img002530.jpg
st/photo2monet/img013229.jpg,st/photo2monet/img017839.jpg,st/horse2zebra/img000432.jpg
st/horse2zebra/img003953.jpg,st/photo2monet/img015088.jpg,st/horse2zebra/img000832.jpg
st/photo2monet/img016310.jpg,st/photo2monet/img014811.jpg,st/horse2zebra/img005084.jpg
st/photo2monet/img015873.jpg,st/photo2monet/img017864.jpg,st/horse2zebra/img000120.jpg
st/photo2monet/img017502.jpg,st/photo2monet/img013356.jpg,st/photo2monet/img017012.jpg
st/photo2monet/img013687.jpg,st/horse2zebra/img004951.jpg,st/horse2zebra/img003410.jpg
st/monet2photo/img009992.jpg,st/photo2monet/img015920.jpg,st/monet2photo/img010595.jpg
st/monet2photo/img009690.jpg,st/horse2zebra/img005009.jpg,st/photo2monet/img011632.jpg
st/photo2monet/img011540.jpg,st/photo2monet/img016550.jpg,st/photo2monet/img011380.jpg
st/photo2monet/img014240.jpg,st/horse2zebra/img003167.jpg,st/monet2photo/img009249.jpg
st/photo2monet/img013495.jpg,st/monet2photo/img008954.jpg,st/photo2monet/img013524.jpg
st/horse2zebra/img002927.jpg,st/photo2monet/img017136.jpg,st/photo2monet/img014106.jpg
st/photo2monet/img013062.jpg,st/photo2monet/img016625.jpg,st/monet2photo/img010379.jpg
st/photo2monet/img016551.jpg,st/photo2monet/img018164.jpg,st/photo2monet/img016324.jpg
st/photo2monet/img015890.jpg,st/photo2monet/img014701.jpg,st/photo2monet/img011216.jpg
st/horse2zebra/img004249.jpg,st/monet2photo/img009468.jpg,st/monet2photo/img008465.jpg
st/horse2zebra/img002071.jpg,st/photo2monet/img015916.jpg,st/horse2zebra/img003376.jpg
st/horse2zebra/img000867.jpg,st/horse2zebra/img001361.jpg,st/monet2photo/img010155.jpg
st/photo2monet/img016398.jpg,st/monet2photo/img008984.jpg,st/horse2zebra/img001562.jpg
st/horse2zebra/img000455.jpg,st/photo2monet/img015825.jpg,st/horse2zebra/img001016.jpg
st/photo2monet/img015449.jpg,st/monet2photo/img009042.jpg,st/horse2zebra/img002724.jpg
st/photo2monet/img017580.jpg,st/photo2monet/img014830.jpg,st/photo2monet/img015258.jpg
st/horse2zebra/img002101.jpg,st/photo2monet/img013349.jpg,st/photo2monet/img015200.jpg
st/photo2monet/img014133.jpg,st/horse2zebra/img001205.jpg,st/photo2monet/img011033.jpg
st/monet2photo/img009940.jpg,st/photo2monet/img016057.jpg,st/photo2monet/img015723.jpg
st/photo2monet/img015862.jpg,st/horse2zebra/img004833.jpg,st/monet2photo/img010077.jpg
st/horse2zebra/img000617.jpg,st/photo2monet/img012773.jpg,st/photo2monet/img017067.jpg
st/photo2monet/img013129.jpg,st/photo2monet/img013849.jpg,st/photo2monet/img016534.jpg
st/horse2zebra/img003009.jpg,st/photo2monet/img011352.jpg,st/horse2zebra/img002426.jpg
st/horse2zebra/img001317.jpg,st/photo2monet/img014838.jpg,st/horse2zebra/img003812.jpg
st/photo2monet/img017178.jpg,st/horse2zebra/img004027.jpg,st/horse2zebra/img000532.jpg
st/horse2zebra/img003703.jpg,st/photo2monet/img012722.jpg,st/photo2monet/img014945.jpg
st/photo2monet/img010940.jpg,st/monet2photo/img008482.jpg,st/horse2zebra/img004902.jpg
st/monet2photo/img010530.jpg,st/photo2monet/img012373.jpg,st/photo2monet/img016305.jpg
st/photo2monet/img014323.jpg,st/monet2photo/img010446.jpg,st/photo2monet/img014714.jpg
st/photo2monet/img010879.jpg,st/photo2monet/img012091.jpg,st/photo2monet/img015288.jpg
st/photo2monet/img011709.jpg,st/photo2monet/img015731.jpg,st/photo2monet/img013478.jpg
st/photo2monet/img013278.jpg,st/photo2monet/img012960.jpg,st/photo2monet/img011890.jpg
st/horse2zebra/img003625.jpg,st/horse2zebra/img001641.jpg,st/horse2zebra/img001310.jpg
st/horse2zebra/img004711.jpg,st/monet2photo/img009614.jpg,st/horse2zebra/img004124.jpg
st/monet2photo/img009822.jpg,st/photo2monet/img011258.jpg,st/horse2zebra/img002842.jpg
st/monet2photo/img010318.jpg,st/horse2zebra/img005003.jpg,st/photo2monet/img010972.jpg
st/monet2photo/img009072.jpg,st/horse2zebra/img004157.jpg,st/photo2monet/img015914.jpg
st/photo2monet/img017517.jpg,st/photo2monet/img011883.jpg,st/photo2monet/img013424.jpg
st/photo2monet/img012418.jpg,st/horse2zebra/img000549.jpg,st/photo2monet/img013410.jpg
st/photo2monet/img017873.jpg,st/horse2zebra/img003475.jpg,st/photo2monet/img018045.jpg
st/photo2monet/img017284.jpg,st/horse2zebra/img000847.jpg,st/photo2monet/img015696.jpg
st/photo2monet/img012809.jpg,st/photo2monet/img017158.jpg,st/photo2monet/img012390.jpg
st/photo2monet/img014426.jpg,st/photo2monet/img017376.jpg,st/photo2monet/img015958.jpg
st/horse2zebra/img003555.jpg,st/horse2zebra/img003981.jpg,st/monet2photo/img008705.jpg
st/monet2photo/img010616.jpg,st/photo2monet/img017954.jpg,st/photo2monet/img015973.jpg
st/horse2zebra/img002069.jpg,st/horse2zebra/img003209.jpg,st/monet2photo/img008955.jpg
st/horse2zebra/img000461.jpg,st/horse2zebra/img003367.jpg,st/photo2monet/img017979.jpg
st/monet2photo/img010326.jpg,st/horse2zebra/img001407.jpg,st/photo2monet/img011291.jpg
st/photo2monet/img012691.jpg,st/photo2monet/img012841.jpg,st/photo2monet/img016064.jpg
st/photo2monet/img017977.jpg,st/photo2monet/img015565.jpg,st/photo2monet/img014581.jpg
st/photo2monet/img011186.jpg,st/photo2monet/img015158.jpg,st/photo2monet/img014790.jpg
st/horse2zebra/img002773.jpg,st/horse2zebra/img001369.jpg,st/horse2zebra/img004978.jpg
st/photo2monet/img015377.jpg,st/photo2monet/img016961.jpg,st/photo2monet/img014125.jpg
st/photo2monet/img015410.jpg,st/photo2monet/img011342.jpg,st/photo2monet/img013475.jpg
st/horse2zebra/img003405.jpg,st/monet2photo/img009996.jpg,st/photo2monet/img017445.jpg
st/photo2monet/img014895.jpg,st/horse2zebra/img005123.jpg,st/photo2monet/img014943.jpg
st/photo2monet/img015598.jpg,st/photo2monet/img017835.jpg,st/horse2zebra/img004798.jpg
st/monet2photo/img010170.jpg,st/monet2photo/img008660.jpg,st/photo2monet/img016766.jpg
st/photo2monet/img014334.jpg,st/photo2monet/img014018.jpg,st/photo2monet/img016836.jpg
st/photo2monet/img010945.jpg,st/horse2zebra/img001013.jpg,st/horse2zebra/img002920.jpg
st/photo2monet/img011925.jpg,st/horse2zebra/img000667.jpg,st/horse2zebra/img001910.jpg
st/horse2zebra/img002921.jpg,st/photo2monet/img012644.jpg,st/monet2photo/img008415.jpg
st/photo2monet/img014548.jpg,st/horse2zebra/img001383.jpg,st/photo2monet/img017180.jpg
st/horse2zebra/img000907.jpg,st/horse2zebra/img000515.jpg,st/monet2photo/img009829.jpg
st/monet2photo/img009402.jpg,st/horse2zebra/img001707.jpg,st/photo2monet/img010758.jpg
st/monet2photo/img008972.jpg,st/horse2zebra/img003895.jpg,st/photo2monet/img014558.jpg
st/horse2zebra/img004797.jpg,st/horse2zebra/img003027.jpg,st/photo2monet/img013800.jpg
st/monet2photo/img010122.jpg,st/photo2monet/img011778.jpg,st/horse2zebra/img003692.jpg
st/horse2zebra/img000055.jpg,st/monet2photo/img009176.jpg,st/photo2monet/img013196.jpg
st/horse2zebra/img002055.jpg,st/photo2monet/img012609.jpg,st/photo2monet/img016640.jpg
st/photo2monet/img014917.jpg,st/horse2zebra/img000649.jpg,st/photo2monet/img016562.jpg
st/horse2zebra/img000507.jpg,st/photo2monet/img015176.jpg,st/horse2zebra/img003690.jpg
st/photo2monet/img015961.jpg,st/horse2zebra/img001479.jpg,st/monet2photo/img009277.jpg
st/photo2monet/img014612.jpg,st/horse2zebra/img003347.jpg,st/photo2monet/img013698.jpg
st/horse2zebra/img001977.jpg,st/photo2monet/img016552.jpg,st/monet2photo/img009785.jpg
st/horse2zebra/img000605.jpg,st/photo2monet/img013844.jpg,st/horse2zebra/img001912.jpg
st/horse2zebra/img000263.jpg,st/horse2zebra/img003319.jpg,st/horse2zebra/img001858.jpg
st/photo2monet/img014995.jpg,st/horse2zebra/img004423.jpg,st/photo2monet/img014132.jpg
st/monet2photo/img009330.jpg,st/photo2monet/img011913.jpg,st/monet2photo/img010241.jpg
st/photo2monet/img014901.jpg,st/horse2zebra/img001143.jpg,st/photo2monet/img017707.jpg
st/photo2monet/img011471.jpg,st/horse2zebra/img000683.jpg,st/photo2monet/img013151.jpg
st/photo2monet/img010755.jpg,st/photo2monet/img012683.jpg,st/photo2monet/img017095.jpg
st/horse2zebra/img004481.jpg,st/horse2zebra/img002375.jpg,st/photo2monet/img017970.jpg
st/photo2monet/img014375.jpg,st/photo2monet/img017850.jpg,st/horse2zebra/img002738.jpg
st/photo2monet/img015467.jpg,st/monet2photo/img009954.jpg,st/photo2monet/img011287.jpg
st/monet2photo/img010586.jpg,st/monet2photo/img008744.jpg,st/horse2zebra/img004524.jpg
st/horse2zebra/img004125.jpg,st/horse2zebra/img004571.jpg,st/photo2monet/img012697.jpg
st/photo2monet/img015046.jpg,st/horse2zebra/img002807.jpg,st/horse2zebra/img003394.jpg
st/photo2monet/img010976.jpg,st/photo2monet/img010853.jpg,st/photo2monet/img013592.jpg
st/monet2photo/img010472.jpg,st/photo2monet/img010814.jpg,st/horse2zebra/img005310.jpg
st/photo2monet/img016311.jpg,st/photo2monet/img014610.jpg,st/photo2monet/img018022.jpg
st/horse2zebra/img003805.jpg,st/horse2zebra/img002733.jpg,st/horse2zebra/img002864.jpg
st/horse2zebra/img002869.jpg,st/photo2monet/img016631.jpg,st/photo2monet/img017026.jpg
st/horse2zebra/img005181.jpg,st/horse2zebra/img002117.jpg,st/photo2monet/img010949.jpg
st/monet2photo/img010440.jpg,st/monet2photo/img008922.jpg,st/horse2zebra/img001134.jpg
st/photo2monet/img014178.jpg,st/horse2zebra/img000157.jpg,st/photo2monet/img017974.jpg
st/horse2zebra/img002667.jpg,st/photo2monet/img012142.jpg,st/photo2monet/img016181.jpg
st/photo2monet/img016825.jpg,st/photo2monet/img011401.jpg,st/photo2monet/img011131.jpg
st/photo2monet/img010996.jpg,st/horse2zebra/img000715.jpg,st/photo2monet/img017986.jpg
st/photo2monet/img015892.jpg,st/photo2monet/img015832.jpg,st/horse2zebra/img001236.jpg
st/horse2zebra/img004095.jpg,st/photo2monet/img011787.jpg,st/photo2monet/img010944.jpg
st/photo2monet/img010858.jpg,st/monet2photo/img008628.jpg,st/photo2monet/img012983.jpg
st/monet2photo/img008514.jpg,st/horse2zebra/img004381.jpg,st/horse2zebra/img003746.jpg
st/monet2photo/img010384.jpg,st/photo2monet/img011217.jpg,st/horse2zebra/img004320.jpg
st/horse2zebra/img002993.jpg,st/photo2monet/img014471.jpg,st/horse2zebra/img001006.jpg
st/photo2monet/img016807.jpg,st/horse2zebra/img000159.jpg,st/photo2monet/img011318.jpg
st/photo2monet/img013287.jpg,st/photo2monet/img012957.jpg,st/horse2zebra/img005006.jpg
st/horse2zebra/img003505.jpg,st/horse2zebra/img002909.jpg,st/photo2monet/img017487.jpg
st/photo2monet/img013900.jpg,st/photo2monet/img012425.jpg,st/photo2monet/img011995.jpg
st/horse2zebra/img004331.jpg,st/photo2monet/img016864.jpg,st/horse2zebra/img005238.jpg
st/horse2zebra/img004457.jpg,st/monet2photo/img008512.jpg,st/photo2monet/img017293.jpg
st/monet2photo/img009530.jpg,st/photo2monet/img016453.jpg,st/horse2zebra/img002942.jpg
st/horse2zebra/img002525.jpg,st/photo2monet/img011547.jpg,st/photo2monet/img011457.jpg
st/horse2zebra/img001179.jpg,st/monet2photo/img010474.jpg,st/horse2zebra/img000992.jpg
st/horse2zebra/img004139.jpg,st/photo2monet/img017079.jpg,st/photo2monet/img013749.jpg
st/horse2zebra/img002461.jpg,st/photo2monet/img011236.jpg,st/horse2zebra/img000578.jpg
st/horse2zebra/img005157.jpg,st/photo2monet/img017895.jpg,st/horse2zebra/img000632.jpg
st/horse2zebra/img005223.jpg,st/photo2monet/img014328.jpg,st/photo2monet/img014316.jpg
st/horse2zebra/img000241.jpg,st/photo2monet/img015435.jpg,st/photo2monet/img016530.jpg
st/monet2photo/img009730.jpg,st/photo2monet/img011759.jpg,st/horse2zebra/img001018.jpg
st/monet2photo/img009548.jpg,st/horse2zebra/img003801.jpg,st/monet2photo/img009969.jpg
st/horse2zebra/img002301.jpg,st/horse2zebra/img003731.jpg,st/horse2zebra/img000244.jpg
st/photo2monet/img016098.jpg,st/horse2zebra/img003811.jpg,st/photo2monet/img017888.jpg
st/monet2photo/img010046.jpg,st/photo2monet/img011369.jpg,st/horse2zebra/img001526.jpg
st/horse2zebra/img002373.jpg,st/photo2monet/img014877.jpg,st/horse2zebra/img003876.jpg
st/photo2monet/img012047.jpg,st/monet2photo/img009772.jpg,st/monet2photo/img008471.jpg
st/photo2monet/img013321.jpg,st/horse2zebra/img000213.jpg,st/photo2monet/img017404.jpg
st/horse2zebra/img004387.jpg,st/photo2monet/img016396.jpg,st/photo2monet/img013767.jpg
st/horse2zebra/img002229.jpg,st/photo2monet/img014669.jpg,st/photo2monet/img016600.jpg
st/photo2monet/img014727.jpg,st/photo2monet/img014848.jpg,st/horse2zebra/img000398.jpg
st/monet2photo/img009028.jpg,st/horse2zebra/img003551.jpg,st/photo2monet/img011427.jpg
st/horse2zebra/img004431.jpg,st/horse2zebra/img002079.jpg,st/photo2monet/img016074.jpg
st/monet2photo/img008704.jpg,st/horse2zebra/img003617.jpg,st/photo2monet/img017975.jpg
st/horse2zebra/img000733.jpg,st/photo2monet/img016015.jpg,st/photo2monet/img014297.jpg
st/horse2zebra/img000633.jpg,st/photo2monet/img015763.jpg,st/monet2photo/img009639.jpg
st/monet2photo/img010230.jpg,st/photo2monet/img013713.jpg,st/photo2monet/img016177.jpg
st/photo2monet/img011974.jpg,st/photo2monet/img012371.jpg,st/horse2zebra/img002528.jpg
st/horse2zebra/img001161.jpg,st/photo2monet/img012273.jpg,st/photo2monet/img012982.jpg
st/photo2monet/img015348.jpg,st/horse2zebra/img003949.jpg,st/horse2zebra/img001328.jpg
st/photo2monet/img016211.jpg,st/horse2zebra/img002269.jpg,st/horse2zebra/img005150.jpg
st/photo2monet/img014518.jpg,st/photo2monet/img012338.jpg,st/horse2zebra/img001258.jpg
st/photo2monet/img011030.jpg,st/photo2monet/img017129.jpg,st/photo2monet/img011377.jpg
st/photo2monet/img016296.jpg,st/photo2monet/img016125.jpg,st/photo2monet/img011592.jpg
st/horse2zebra/img004111.jpg,st/monet2photo/img008684.jpg,st/horse2zebra/img003116.jpg
st/horse2zebra/img004495.jpg,st/horse2zebra/img005299.jpg,st/monet2photo/img009175.jpg
st/photo2monet/img010846.jpg,st/photo2monet/img016496.jpg,st/photo2monet/img011063.jpg
st/horse2zebra/img000297.jpg,st/horse2zebra/img002789.jpg,st/photo2monet/img011649.jpg
st/horse2zebra/img001329.jpg,st/horse2zebra/img002435.jpg,st/photo2monet/img011914.jpg
st/horse2zebra/img002615.jpg,st/photo2monet/img016164.jpg,st/photo2monet/img014760.jpg
st/photo2monet/img015683.jpg,st/photo2monet/img018169.jpg,st/photo2monet/img018135.jpg
st/horse2zebra/img003143.jpg,st/monet2photo/img009648.jpg,st/photo2monet/img011194.jpg
st/photo2monet/img016703.jpg,st/horse2zebra/img005217.jpg,st/photo2monet/img013219.jpg
st/monet2photo/img009064.jpg,st/photo2monet/img015502.jpg,st/photo2monet/img016246.jpg
st/monet2photo/img009166.jpg,st/monet2photo/img009840.jpg,st/photo2monet/img012987.jpg
st/horse2zebra/img003199.jpg,st/horse2zebra/img002537.jpg,st/photo2monet/img016782.jpg
st/monet2photo/img009258.jpg,st/horse2zebra/img001045.jpg,st/photo2monet/img013979.jpg
st/photo2monet/img016339.jpg,st/photo2monet/img013678.jpg,st/photo2monet/img013080.jpg
st/monet2photo/img009680.jpg,st/horse2zebra/img000343.jpg,st/monet2photo/img009565.jpg
st/photo2monet/img013997.jpg,st/photo2monet/img013529.jpg,st/photo2monet/img013943.jpg
st/horse2zebra/img001573.jpg,st/horse2zebra/img002697.jpg,st/horse2zebra/img000990.jpg
st/photo2monet/img014948.jpg,st/photo2monet/img016788.jpg,st/horse2zebra/img001698.jpg
st/horse2zebra/img005317.jpg,st/photo2monet/img011896.jpg,st/horse2zebra/img001640.jpg
st/horse2zebra/img002707.jpg,st/photo2monet/img015607.jpg,st/monet2photo/img010671.jpg
st/horse2zebra/img002991.jpg,st/photo2monet/img012350.jpg,st/photo2monet/img018139.jpg
st/photo2monet/img017569.jpg,st/photo2monet/img011220.jpg,st/photo2monet/img010874.jpg
st/photo2monet/img017393.jpg,st/photo2monet/img012359.jpg,st/photo2monet/img017229.jpg
st/horse2zebra/img003967.jpg,st/photo2monet/img012342.jpg,st/monet2photo/img010597.jpg
st/photo2monet/img017213.jpg,st/photo2monet/img011222.jpg,st/monet2photo/img010225.jpg
st/photo2monet/img016590.jpg,st/monet2photo/img010378.jpg,st/photo2monet/img016980.jpg
st/monet2photo/img008516.jpg,st/horse2zebra/img003091.jpg,st/horse2zebra/img005086.jpg
st/horse2zebra/img001333.jpg,st/horse2zebra/img003547.jpg,st/horse2zebra/img001810.jpg
st/horse2zebra/img002969.jpg,st/horse2zebra/img003125.jpg,st/horse2zebra/img000686.jpg
st/photo2monet/img015474.jpg,st/horse2zebra/img002171.jpg,st/photo2monet/img017467.jpg
st/photo2monet/img016315.jpg,st/horse2zebra/img004599.jpg,st/horse2zebra/img003696.jpg
st/photo2monet/img011170.jpg,st/horse2zebra/img004041.jpg,st/photo2monet/img013855.jpg
st/photo2monet/img012253.jpg,st/photo2monet/img015331.jpg,st/photo2monet/img013914.jpg
st/photo2monet/img011146.jpg,st/monet2photo/img008414.jpg,st/photo2monet/img017342.jpg
st/horse2zebra/img005191.jpg,st/horse2zebra/img003587.jpg,st/photo2monet/img013341.jpg
st/photo2monet/img014002.jpg,st/monet2photo/img009444.jpg,st/monet2photo/img009141.jpg
st/monet2photo/img009994.jpg,st/horse2zebra/img004113.jpg,st/horse2zebra/img004310.jpg
st/monet2photo/img009766.jpg,st/horse2zebra/img005311.jpg,st/horse2zebra/img002858.jpg
st/photo2monet/img010684.jpg,st/photo2monet/img013977.jpg,st/horse2zebra/img003846.jpg
st/photo2monet/img017834.jpg,st/photo2monet/img013390.jpg,st/horse2zebra/img004460.jpg
st/photo2monet/img011553.jpg,st/horse2zebra/img003691.jpg,st/horse2zebra/img001126.jpg
st/photo2monet/img017195.jpg,st/monet2photo/img010138.jpg,st/photo2monet/img014189.jpg
st/horse2zebra/img004721.jpg,st/monet2photo/img009998.jpg,st/photo2monet/img011809.jpg
st/photo2monet/img016477.jpg,st/monet2photo/img008826.jpg,st/horse2zebra/img001662.jpg
st/monet2photo/img008802.jpg,st/monet2photo/img008752.jpg,st/photo2monet/img017596.jpg
st/monet2photo/img009622.jpg,st/photo2monet/img017890.jpg,st/horse2zebra/img000218.jpg
st/photo2monet/img017478.jpg,st/photo2monet/img013436.jpg,st/horse2zebra/img004808.jpg
st/monet2photo/img009786.jpg,st/horse2zebra/img000283.jpg,st/photo2monet/img013648.jpg
st/photo2monet/img016704.jpg,st/photo2monet/img012590.jpg,st/horse2zebra/img002596.jpg
st/horse2zebra/img000581.jpg,st/horse2zebra/img000359.jpg,st/photo2monet/img016637.jpg
st/monet2photo/img009062.jpg,st/horse2zebra/img002593.jpg,st/horse2zebra/img001412.jpg
st/photo2monet/img010861.jpg,st/photo2monet/img017909.jpg,st/horse2zebra/img001672.jpg
st/horse2zebra/img002569.jpg,st/photo2monet/img013830.jpg,st/monet2photo/img009321.jpg
st/photo2monet/img014289.jpg,st/photo2monet/img011736.jpg,st/monet2photo/img009335.jpg
st/horse2zebra/img003511.jpg,st/horse2zebra/img001979.jpg,st/horse2zebra/img003038.jpg
st/photo2monet/img012513.jpg,st/monet2photo/img008374.jpg,st/photo2monet/img016183.jpg
st/horse2zebra/img003573.jpg,st/horse2zebra/img000191.jpg,st/photo2monet/img011411.jpg
st/monet2photo/img010682.jpg,st/monet2photo/img008378.jpg,st/photo2monet/img015103.jpg
st/photo2monet/img010826.jpg,st/photo2monet/img016819.jpg,st/horse2zebra/img002976.jpg
st/horse2zebra/img001579.jpg,st/photo2monet/img017878.jpg,st/horse2zebra/img004552.jpg
st/photo2monet/img017695.jpg,st/monet2photo/img010426.jpg,st/horse2zebra/img000596.jpg
st/photo2monet/img017832.jpg,st/photo2monet/img015824.jpg,st/horse2zebra/img005274.jpg
st/photo2monet/img012287.jpg,st/monet2photo/img008948.jpg,st/photo2monet/img012324.jpg
st/photo2monet/img017544.jpg,st/photo2monet/img015097.jpg,st/horse2zebra/img001558.jpg
st/photo2monet/img012909.jpg,st/photo2monet/img011940.jpg,st/photo2monet/img011530.jpg
st/photo2monet/img017372.jpg,st/horse2zebra/img003227.jpg,st/photo2monet/img015334.jpg
st/horse2zebra/img002403.jpg,st/photo2monet/img014812.jpg,st/horse2zebra/img005088.jpg
st/photo2monet/img013994.jpg,st/photo2monet/img017805.jpg,st/photo2monet/img015362.jpg
st/photo2monet/img012556.jpg,st/monet2photo/img009562.jpg,st/horse2zebra/img003016.jpg
st/photo2monet/img014295.jpg,st/horse2zebra/img000145.jpg,st/photo2monet/img011806.jpg
st/horse2zebra/img000225.jpg,st/photo2monet/img011671.jpg,st/photo2monet/img012665.jpg
st/photo2monet/img014833.jpg,st/monet2photo/img008642.jpg,st/monet2photo/img010003.jpg
st/photo2monet/img016340.jpg,st/photo2monet/img010754.jpg,st/photo2monet/img016577.jpg
st/photo2monet/img017638.jpg,st/horse2zebra/img000615.jpg,st/monet2photo/img008419.jpg
st/horse2zebra/img001029.jpg,st/photo2monet/img016623.jpg,st/monet2photo/img008501.jpg
st/monet2photo/img008300.jpg,st/photo2monet/img015518.jpg,st/horse2zebra/img004500.jpg
st/photo2monet/img018142.jpg,st/monet2photo/img010332.jpg,st/monet2photo/img009347.jpg
st/horse2zebra/img003413.jpg,st/horse2zebra/img001533.jpg,st/photo2monet/img017756.jpg
st/horse2zebra/img003543.jpg,st/horse2zebra/img004715.jpg,st/photo2monet/img015980.jpg
st/photo2monet/img015644.jpg,st/photo2monet/img016671.jpg,st/photo2monet/img017679.jpg
st/photo2monet/img016880.jpg,st/horse2zebra/img002963.jpg,st/horse2zebra/img000846.jpg
st/photo2monet/img015351.jpg,st/photo2monet/img014488.jpg,st/horse2zebra/img003574.jpg
st/photo2monet/img013827.jpg,st/photo2monet/img016849.jpg,st/monet2photo/img008645.jpg
st/photo2monet/img013460.jpg,st/photo2monet/img014274.jpg,st/horse2zebra/img003466.jpg
st/photo2monet/img017112.jpg,st/horse2zebra/img004211.jpg,st/monet2photo/img010665.jpg
st/monet2photo/img009436.jpg,st/horse2zebra/img000973.jpg,st/photo2monet/img013326.jpg
st/horse2zebra/img000471.jpg,st/photo2monet/img013882.jpg,st/monet2photo/img009707.jpg
st/horse2zebra/img005031.jpg,st/photo2monet/img011466.jpg,st/monet2photo/img008791.jpg
st/photo2monet/img015001.jpg,st/monet2photo/img009434.jpg,st/horse2zebra/img002964.jpg
st/photo2monet/img013455.jpg,st/photo2monet/img014952.jpg,st/horse2zebra/img002432.jpg
st/horse2zebra/img002745.jpg,st/horse2zebra/img004629.jpg,st/horse2zebra/img002990.jpg
st/monet2photo/img009470.jpg,st/horse2zebra/img004791.jpg,st/photo2monet/img017413.jpg
st/photo2monet/img012426.jpg,st/horse2zebra/img004105.jpg,st/monet2photo/img009769.jpg
st/monet2photo/img009142.jpg,st/photo2monet/img012307.jpg,st/photo2monet/img015881.jpg
st/photo2monet/img017892.jpg,st/photo2monet/img014080.jpg,st/horse2zebra/img001178.jpg
st/photo2monet/img015227.jpg,st/horse2zebra/img001203.jpg,st/horse2zebra/img003234.jpg
st/horse2zebra/img003457.jpg,st/monet2photo/img009528.jpg,st/horse2zebra/img001466.jpg
st/monet2photo/img009108.jpg,st/monet2photo/img008310.jpg,st/photo2monet/img018055.jpg
st/photo2monet/img013157.jpg,st/photo2monet/img011054.jpg,st/monet2photo/img009697.jpg
st/horse2zebra/img002253.jpg,st/photo2monet/img015234.jpg,st/monet2photo/img010061.jpg
st/photo2monet/img015286.jpg,st/horse2zebra/img000811.jpg,st/horse2zebra/img002800.jpg
st/photo2monet/img011504.jpg,st/horse2zebra/img004789.jpg,st/horse2zebra/img000834.jpg
st/photo2monet/img017408.jpg,st/monet2photo/img009412.jpg,st/photo2monet/img013136.jpg
st/photo2monet/img011009.jpg,st/photo2monet/img016728.jpg,st/horse2zebra/img003894.jpg
st/monet2photo/img009486.jpg,st/photo2monet/img010807.jpg,st/photo2monet/img017043.jpg
st/horse2zebra/img002625.jpg,st/horse2zebra/img000069.jpg,st/photo2monet/img012694.jpg
st/photo2monet/img013443.jpg,st/photo2monet/img011686.jpg,st/horse2zebra/img004142.jpg
st/photo2monet/img013116.jpg,st/photo2monet/img014916.jpg,st/photo2monet/img010871.jpg
st/monet2photo/img009316.jpg,st/photo2monet/img014007.jpg,st/photo2monet/img014886.jpg
st/horse2zebra/img001141.jpg,st/photo2monet/img017148.jpg,st/horse2zebra/img001482.jpg
st/monet2photo/img008768.jpg,st/photo2monet/img016993.jpg,st/horse2zebra/img004520.jpg
st/horse2zebra/img004727.jpg,st/photo2monet/img012494.jpg,st/horse2zebra/img003502.jpg
st/photo2monet/img017753.jpg,st/horse2zebra/img001437.jpg,st/photo2monet/img015205.jpg
st/photo2monet/img014455.jpg,st/horse2zebra/img004209.jpg,st/photo2monet/img013143.jpg
st/photo2monet/img015781.jpg,st/horse2zebra/img002805.jpg,st/horse2zebra/img003426.jpg
st/photo2monet/img014030.jpg,st/photo2monet/img014500.jpg,st/horse2zebra/img002444.jpg
st/photo2monet/img013398.jpg,st/horse2zebra/img000431.jpg,st/horse2zebra/img004968.jpg
st/horse2zebra/img002505.jpg,st/horse2zebra/img001677.jpg,st/horse2zebra/img001856.jpg
st/horse2zebra/img000209.jpg,st/photo2monet/img013796.jpg,st/horse2zebra/img005168.jpg
st/horse2zebra/img002811.jpg,st/horse2zebra/img001085.jpg,st/horse2zebra/img003174.jpg
st/horse2zebra/img004297.jpg,st/monet2photo/img009186.jpg,st/photo2monet/img014033.jpg
st/photo2monet/img013625.jpg,st/horse2zebra/img005091.jpg,st/monet2photo/img009437.jpg
st/horse2zebra/img005103.jpg,st/photo2monet/img013700.jpg,st/photo2monet/img016617.jpg
st/photo2monet/img015274.jpg,st/horse2zebra/img003933.jpg,st/horse2zebra/img004826.jpg
st/horse2zebra/img004321.jpg,st/photo2monet/img015869.jpg,st/photo2monet/img013650.jpg
st/photo2monet/img013590.jpg,st/photo2monet/img011026.jpg,st/horse2zebra/img004794.jpg
st/horse2zebra/img001109.jpg,st/horse2zebra/img001845.jpg,st/monet2photo/img009503.jpg
st/horse2zebra/img003595.jpg,st/monet2photo/img010068.jpg,st/horse2zebra/img001232.jpg
st/monet2photo/img009188.jpg,st/monet2photo/img008448.jpg,st/photo2monet/img012530.jpg
st/monet2photo/img008624.jpg,st/photo2monet/img015035.jpg,st/photo2monet/img011542.jpg
st/monet2photo/img010448.jpg,st/horse2zebra/img003827.jpg,st/photo2monet/img016286.jpg
st/monet2photo/img008982.jpg,st/horse2zebra/img001345.jpg,st/photo2monet/img015248.jpg
st/horse2zebra/img002951.jpg,st/monet2photo/img008706.jpg,st/horse2zebra/img001580.jpg
st/horse2zebra/img003823.jpg,st/photo2monet/img013126.jpg,st/photo2monet/img017399.jpg
st/photo2monet/img011181.jpg,st/monet2photo/img009908.jpg,st/horse2zebra/img002560.jpg
st/photo2monet/img012078.jpg,st/monet2photo/img010216.jpg,st/photo2monet/img015535.jpg
st/photo2monet/img015817.jpg,st/horse2zebra/img003603.jpg,st/horse2zebra/img004680.jpg
st/horse2zebra/img002319.jpg,st/horse2zebra/img002023.jpg,st/photo2monet/img018078.jpg
st/horse2zebra/img002891.jpg,st/photo2monet/img010701.jpg,st/photo2monet/img013892.jpg
st/photo2monet/img011261.jpg,st/horse2zebra/img002617.jpg,st/photo2monet/img014294.jpg
st/horse2zebra/img000087.jpg,st/horse2zebra/img004031.jpg,st/photo2monet/img012676.jpg
st/photo2monet/img016555.jpg,st/horse2zebra/img005269.jpg,st/horse2zebra/img001198.jpg
st/photo2monet/img016730.jpg,st/horse2zebra/img000665.jpg,st/photo2monet/img016839.jpg
st/monet2photo/img009008.jpg,st/photo2monet/img015716.jpg,st/photo2monet/img014902.jpg
st/horse2zebra/img000035.jpg,st/photo2monet/img013683.jpg,st/photo2monet/img015933.jpg
st/horse2zebra/img004135.jpg,st/monet2photo/img010366.jpg,st/horse2zebra/img002524.jpg
st/photo2monet/img011332.jpg,st/photo2monet/img016610.jpg,st/photo2monet/img017907.jpg
st/monet2photo/img009702.jpg,st/monet2photo/img008724.jpg,st/photo2monet/img012512.jpg
st/monet2photo/img008672.jpg,st/monet2photo/img008728.jpg,st/monet2photo/img008819.jpg
st/photo2monet/img013076.jpg,st/photo2monet/img016753.jpg,st/photo2monet/img012339.jpg
st/photo2monet/img017545.jpg,st/photo2monet/img015042.jpg,st/photo2monet/img013206.jpg
st/photo2monet/img016702.jpg,st/horse2zebra/img000707.jpg,st/monet2photo/img009645.jpg
st/horse2zebra/img001929.jpg,st/horse2zebra/img003807.jpg,st/monet2photo/img010095.jpg
st/horse2zebra/img002857.jpg,st/horse2zebra/img004517.jpg,st/monet2photo/img008515.jpg
st/horse2zebra/img005077.jpg,st/horse2zebra/img001023.jpg,st/horse2zebra/img003660.jpg
st/horse2zebra/img001079.jpg,st/photo2monet/img012953.jpg,st/photo2monet/img012738.jpg
st/photo2monet/img010724.jpg,st/horse2zebra/img004067.jpg,st/monet2photo/img009577.jpg
st/monet2photo/img010482.jpg,st/photo2monet/img015032.jpg,st/photo2monet/img016150.jpg
st/monet2photo/img009558.jpg,st/monet2photo/img009546.jpg,st/photo2monet/img017482.jpg
st/horse2zebra/img002183.jpg,st/photo2monet/img012331.jpg,st/photo2monet/img016292.jpg
st/horse2zebra/img000033.jpg,st/photo2monet/img014365.jpg,st/horse2zebra/img005282.jpg
st/monet2photo/img010124.jpg,st/photo2monet/img012672.jpg,st/horse2zebra/img002114.jpg
st/monet2photo/img008836.jpg,st/photo2monet/img014657.jpg,st/horse2zebra/img003208.jpg
st/horse2zebra/img003909.jpg,st/horse2zebra/img000809.jpg,st/photo2monet/img011092.jpg
st/monet2photo/img009600.jpg,st/photo2monet/img014730.jpg,st/photo2monet/img016277.jpg
st/horse2zebra/img001121.jpg,st/horse2zebra/img000401.jpg,st/photo2monet/img013974.jpg
st/horse2zebra/img005047.jpg,st/photo2monet/img017463.jpg,st/horse2zebra/img000158.jpg
st/photo2monet/img012395.jpg,st/photo2monet/img012978.jpg,st/photo2monet/img012069.jpg
st/horse2zebra/img003637.jpg,st/monet2photo/img009914.jpg,st/horse2zebra/img001186.jpg
st/photo2monet/img017563.jpg,st/horse2zebra/img003715.jpg,st/horse2zebra/img002168.jpg
st/horse2zebra/img003061.jpg,st/horse2zebra/img004057.jpg,st/horse2zebra/img002970.jpg
st/horse2zebra/img002889.jpg,st/photo2monet/img013813.jpg,st/photo2monet/img015903.jpg
st/photo2monet/img011584.jpg,st/horse2zebra/img004193.jpg,st/photo2monet/img012097.jpg
st/photo2monet/img017246.jpg,st/horse2zebra/img001315.jpg,st/photo2monet/img018034.jpg
st/photo2monet/img015704.jpg,st/photo2monet/img014772.jpg,st/photo2monet/img016362.jpg
st/photo2monet/img013580.jpg,st/horse2zebra/img004237.jpg,st/photo2monet/img012428.jpg
st/photo2monet/img012905.jpg,st/photo2monet/img013446.jpg,st/horse2zebra/img001518.jpg
st/photo2monet/img016192.jpg,st/photo2monet/img017040.jpg,st/horse2zebra/img002616.jpg
st/horse2zebra/img002571.jpg,st/horse2zebra/img000717.jpg,st/monet2photo/img010179.jpg
st/horse2zebra/img000285.jpg,st/photo2monet/img016848.jpg,st/monet2photo/img010075.jpg
st/photo2monet/img012135.jpg,st/photo2monet/img012011.jpg,st/photo2monet/img010699.jpg
st/photo2monet/img013677.jpg,st/horse2zebra/img005219.jpg,st/photo2monet/img018178.jpg
st/horse2zebra/img001427.jpg,st/photo2monet/img017420.jpg,st/photo2monet/img017414.jpg
st/photo2monet/img015364.jpg,st/photo2monet/img012179.jpg,st/horse2zebra/img002516.jpg
st/horse2zebra/img004053.jpg,st/photo2monet/img011322.jpg,st/photo2monet/img014748.jpg
st/photo2monet/img013335.jpg,st/horse2zebra/img001501.jpg,st/horse2zebra/img005046.jpg
st/horse2zebra/img000481.jpg,st/horse2zebra/img003201.jpg,st/photo2monet/img016341.jpg
st/horse2zebra/img001937.jpg,st/horse2zebra/img002563.jpg,st/photo2monet/img016656.jpg
st/monet2photo/img009146.jpg,st/photo2monet/img010765.jpg,st/photo2monet/img011579.jpg
st/monet2photo/img008620.jpg,st/photo2monet/img011329.jpg,st/horse2zebra/img001868.jpg
st/horse2zebra/img003635.jpg,st/horse2zebra/img005125.jpg,st/horse2zebra/img000636.jpg
st/horse2zebra/img004077.jpg,st/photo2monet/img012211.jpg,st/horse2zebra/img002874.jpg
st/photo2monet/img011418.jpg,st/photo2monet/img012190.jpg,st/horse2zebra/img000534.jpg
st/horse2zebra/img004679.jpg,st/horse2zebra/img001673.jpg,st/horse2zebra/img000568.jpg
st/photo2monet/img010790.jpg,st/horse2zebra/img000677.jpg,st/horse2zebra/img004032.jpg
st/monet2photo/img009966.jpg,st/monet2photo/img008734.jpg,st/monet2photo/img008481.jpg
st/horse2zebra/img004831.jpg,st/photo2monet/img012302.jpg,st/monet2photo/img009203.jpg
st/photo2monet/img011091.jpg,st/monet2photo/img009460.jpg,st/photo2monet/img016687.jpg
st/photo2monet/img012942.jpg,st/photo2monet/img016717.jpg,st/monet2photo/img008533.jpg
st/horse2zebra/img004461.jpg,st/horse2zebra/img002945.jpg,st/horse2zebra/img003582.jpg
st/photo2monet/img011439.jpg,st/photo2monet/img010760.jpg,st/monet2photo/img009675.jpg
st/photo2monet/img016774.jpg,st/horse2zebra/img004907.jpg,st/horse2zebra/img004792.jpg
st/photo2monet/img012744.jpg,st/monet2photo/img010080.jpg,st/monet2photo/img009609.jpg
st/photo2monet/img013599.jpg,st/monet2photo/img010252.jpg,st/monet2photo/img009231.jpg
st/photo2monet/img012611.jpg,st/photo2monet/img016901.jpg,st/photo2monet/img010892.jpg
st/photo2monet/img017230.jpg,st/horse2zebra/img002867.jpg,st/photo2monet/img016060.jpg
st/photo2monet/img017807.jpg,st/photo2monet/img018003.jpg,st/horse2zebra/img001528.jpg
st/horse2zebra/img000165.jpg,st/photo2monet/img011728.jpg,st/photo2monet/img017024.jpg
st/horse2zebra/img000349.jpg,st/photo2monet/img016747.jpg,st/photo2monet/img014073.jpg
st/photo2monet/img010843.jpg,st/photo2monet/img014084.jpg,st/horse2zebra/img000530.jpg
st/photo2monet/img015389.jpg,st/horse2zebra/img002001.jpg,st/photo2monet/img013205.jpg
st/horse2zebra/img003799.jpg,st/photo2monet/img012673.jpg,st/photo2monet/img012756.jpg
st/photo2monet/img012404.jpg,st/horse2zebra/img002507.jpg,st/horse2zebra/img000580.jpg
st/horse2zebra/img002793.jpg,st/horse2zebra/img001103.jpg,st/horse2zebra/img000914.jpg
st/horse2zebra/img004893.jpg,st/photo2monet/img015744.jpg,st/monet2photo/img009151.jpg
st/monet2photo/img008590.jpg,st/photo2monet/img013298.jpg,st/photo2monet/img012974.jpg
st/photo2monet/img011912.jpg,st/horse2zebra/img001803.jpg,st/monet2photo/img009589.jpg
st/monet2photo/img010176.jpg,st/photo2monet/img011110.jpg,st/horse2zebra/img004906.jpg
st/photo2monet/img015174.jpg,st/photo2monet/img015692.jpg,st/horse2zebra/img004690.jpg
st/photo2monet/img013730.jpg,st/monet2photo/img008630.jpg,st/photo2monet/img017722.jpg
st/photo2monet/img017961.jpg,st/horse2zebra/img003491.jpg,st/photo2monet/img013072.jpg
st/photo2monet/img016410.jpg,st/photo2monet/img012233.jpg,st/horse2zebra/img003356.jpg
st/monet2photo/img009828.jpg,st/photo2monet/img016678.jpg,st/photo2monet/img014675.jpg
st/photo2monet/img017933.jpg,st/photo2monet/img017072.jpg,st/photo2monet/img015390.jpg
st/horse2zebra/img002359.jpg,st/horse2zebra/img003951.jpg,st/photo2monet/img014538.jpg
st/photo2monet/img017386.jpg,st/photo2monet/img014937.jpg,st/horse2zebra/img000664.jpg
st/monet2photo/img010492.jpg,st/horse2zebra/img002575.jpg,st/photo2monet/img012869.jpg
st/monet2photo/img008386.jpg,st/monet2photo/img010670.jpg,st/photo2monet/img016419.jpg
st/horse2zebra/img003421.jpg,st/photo2monet/img018014.jpg,st/photo2monet/img014704.jpg
st/horse2zebra/img001447.jpg,st/photo2monet/img011386.jpg,st/horse2zebra/img001034.jpg
st/photo2monet/img011052.jpg,st/photo2monet/img013015.jpg,st/horse2zebra/img000690.jpg
st/horse2zebra/img004891.jpg,st/horse2zebra/img002631.jpg,st/photo2monet/img016899.jpg
st/photo2monet/img012435.jpg,st/horse2zebra/img001651.jpg,st/horse2zebra/img003212.jpg
st/photo2monet/img014057.jpg,st/photo2monet/img010786.jpg,st/horse2zebra/img004012.jpg
st/horse2zebra/img001171.jpg,st/photo2monet/img011165.jpg,st/photo2monet/img014165.jpg
st/photo2monet/img015913.jpg,st/horse2zebra/img004019.jpg,st/horse2zebra/img002608.jpg
st/horse2zebra/img001919.jpg,st/photo2monet/img017945.jpg,st/horse2zebra/img004008.jpg
st/photo2monet/img014309.jpg,st/monet2photo/img010556.jpg,st/photo2monet/img015401.jpg
st/photo2monet/img011123.jpg,st/monet2photo/img009836.jpg,st/monet2photo/img008609.jpg
st/monet2photo/img009074.jpg,st/horse2zebra/img002165.jpg,st/horse2zebra/img001372.jpg
st/horse2zebra/img005039.jpg,st/photo2monet/img016256.jpg,st/photo2monet/img015194.jpg
st/horse2zebra/img004181.jpg,st/photo2monet/img017740.jpg,st/horse2zebra/img001690.jpg
st/photo2monet/img011608.jpg,st/photo2monet/img013949.jpg,st/photo2monet/img012707.jpg
st/horse2zebra/img004219.jpg,st/monet2photo/img008908.jpg,st/horse2zebra/img000248.jpg
st/photo2monet/img010764.jpg,st/photo2monet/img015312.jpg,st/photo2monet/img014137.jpg
st/photo2monet/img014151.jpg,st/photo2monet/img012578.jpg,st/horse2zebra/img001934.jpg
st/photo2monet/img012646.jpg,st/horse2zebra/img000771.jpg,st/photo2monet/img016446.jpg
st/monet2photo/img010002.jpg,st/photo2monet/img011488.jpg,st/photo2monet/img013211.jpg
st/photo2monet/img017464.jpg,st/photo2monet/img016659.jpg,st/photo2monet/img012719.jpg
st/photo2monet/img016943.jpg,st/photo2monet/img017383.jpg,st/photo2monet/img015559.jpg
st/photo2monet/img012014.jpg,st/photo2monet/img017742.jpg,st/photo2monet/img017599.jpg
st/photo2monet/img016268.jpg,st/monet2photo/img010646.jpg,st/photo2monet/img015023.jpg
st/horse2zebra/img002901.jpg,st/photo2monet/img011113.jpg,st/horse2zebra/img003814.jpg
st/monet2photo/img010510.jpg,st/photo2monet/img013384.jpg,st/horse2zebra/img003764.jpg
st/horse2zebra/img003045.jpg,st/horse2zebra/img002471.jpg,st/photo2monet/img013221.jpg
st/photo2monet/img011448.jpg,st/monet2photo/img010622.jpg,st/horse2zebra/img004384.jpg
st/photo2monet/img013375.jpg,st/photo2monet/img012550.jpg,st/photo2monet/img011151.jpg
st/monet2photo/img008904.jpg,st/monet2photo/img009928.jpg,st/horse2zebra/img004270.jpg
st/photo2monet/img014122.jpg,st/monet2photo/img010666.jpg,st/photo2monet/img012714.jpg
st/monet2photo/img008604.jpg,st/horse2zebra/img003185.jpg,st/horse2zebra/img004542.jpg
st/photo2monet/img014021.jpg,st/photo2monet/img013199.jpg,st/horse2zebra/img003380.jpg
st/photo2monet/img013230.jpg,st/monet2photo/img010514.jpg,st/photo2monet/img011037.jpg
st/monet2photo/img009346.jpg,st/horse2zebra/img003219.jpg,st/photo2monet/img013371.jpg
st/horse2zebra/img003481.jpg,st/photo2monet/img016167.jpg,st/horse2zebra/img004358.jpg
st/photo2monet/img014501.jpg,st/monet2photo/img010358.jpg,st/photo2monet/img017729.jpg
st/monet2photo/img010238.jpg,st/horse2zebra/img000261.jpg,st/monet2photo/img008485.jpg
st/horse2zebra/img000885.jpg,st/horse2zebra/img005085.jpg,st/photo2monet/img015417.jpg
st/photo2monet/img015600.jpg,st/photo2monet/img011390.jpg,st/horse2zebra/img003300.jpg
st/horse2zebra/img001055.jpg,st/photo2monet/img013049.jpg,st/photo2monet/img015443.jpg
st/photo2monet/img017554.jpg,st/photo2monet/img012317.jpg,st/monet2photo/img010609.jpg
st/photo2monet/img012084.jpg,st/monet2photo/img009350.jpg,st/photo2monet/img015715.jpg
st/photo2monet/img014095.jpg,st/horse2zebra/img003437.jpg,st/photo2monet/img018096.jpg
st/photo2monet/img015849.jpg,st/horse2zebra/img003005.jpg,st/photo2monet/img015539.jpg
st/photo2monet/img015574.jpg,st/horse2zebra/img001153.jpg,st/monet2photo/img008629.jpg
st/photo2monet/img016970.jpg,st/photo2monet/img010836.jpg,st/photo2monet/img013654.jpg
st/horse2zebra/img000327.jpg,st/photo2monet/img018124.jpg,st/photo2monet/img011817.jpg
st/horse2zebra/img002361.jpg,st/photo2monet/img016877.jpg,st/photo2monet/img013530.jpg
st/monet2photo/img008726.jpg,st/horse2zebra/img004883.jpg,st/horse2zebra/img000942.jpg
st/horse2zebra/img003487.jpg,st/horse2zebra/img002985.jpg,st/monet2photo/img009849.jpg
st/photo2monet/img018118.jpg,st/photo2monet/img014527.jpg,st/photo2monet/img012580.jpg
st/photo2monet/img014201.jpg,st/photo2monet/img018146.jpg,st/photo2monet/img014869.jpg
st/monet2photo/img008388.jpg,st/photo2monet/img013675.jpg,st/monet2photo/img009775.jpg
st/horse2zebra/img000197.jpg,st/horse2zebra/img002887.jpg,st/photo2monet/img011601.jpg
st/photo2monet/img013051.jpg,st/photo2monet/img017318.jpg,st/photo2monet/img011163.jpg
st/horse2zebra/img004017.jpg,st/photo2monet/img015167.jpg,st/photo2monet/img013799.jpg
st/horse2zebra/img000223.jpg,st/photo2monet/img016771.jpg,st/horse2zebra/img004872.jpg
st/horse2zebra/img003537.jpg,st/photo2monet/img017620.jpg,st/horse2zebra/img002296.jpg
st/photo2monet/img016815.jpg,st/horse2zebra/img004935.jpg,st/horse2zebra/img003628.jpg
st/photo2monet/img012243.jpg,st/photo2monet/img014326.jpg,st/monet2photo/img008391.jpg
st/photo2monet/img015112.jpg,st/photo2monet/img015077.jpg,st/horse2zebra/img004438.jpg
st/horse2zebra/img005013.jpg,st/horse2zebra/img001691.jpg,st/photo2monet/img016574.jpg
st/photo2monet/img016437.jpg,st/horse2zebra/img001537.jpg,st/photo2monet/img012050.jpg
st/horse2zebra/img001621.jpg,st/photo2monet/img010970.jpg,st/horse2zebra/img001544.jpg
st/photo2monet/img014708.jpg,st/photo2monet/img013896.jpg,st/horse2zebra/img005062.jpg
st/photo2monet/img017057.jpg,st/photo2monet/img016652.jpg,st/photo2monet/img012667.jpg
st/photo2monet/img013981.jpg,st/photo2monet/img016071.jpg,st/monet2photo/img009983.jpg
st/horse2zebra/img001337.jpg,st/photo2monet/img012271.jpg,st/photo2monet/img015177.jpg
st/horse2zebra/img000333.jpg,st/horse2zebra/img001409.jpg,st/horse2zebra/img004898.jpg
st/horse2zebra/img003083.jpg,st/horse2zebra/img000871.jpg,st/photo2monet/img014817.jpg
st/horse2zebra/img001375.jpg,st/photo2monet/img014636.jpg,st/photo2monet/img012306.jpg
st/horse2zebra/img003531.jpg,st/monet2photo/img010224.jpg,st/monet2photo/img010233.jpg
st/photo2monet/img017361.jpg,st/photo2monet/img017469.jpg,st/photo2monet/img017814.jpg
st/photo2monet/img012606.jpg,st/monet2photo/img009544.jpg,st/photo2monet/img017531.jpg
st/monet2photo/img010476.jpg,st/monet2photo/img009322.jpg,st/photo2monet/img013281.jpg
st/horse2zebra/img002665.jpg,st/monet2photo/img009732.jpg,st/photo2monet/img015099.jpg
st/monet2photo/img008952.jpg,st/horse2zebra/img000001.jpg,st/horse2zebra/img002814.jpg
st/photo2monet/img014598.jpg,st/monet2photo/img009760.jpg,st/photo2monet/img013756.jpg
st/photo2monet/img016088.jpg,st/photo2monet/img012245.jpg,st/photo2monet/img013261.jpg
st/photo2monet/img018144.jpg,st/photo2monet/img011805.jpg,st/monet2photo/img009059.jpg
st/monet2photo/img009800.jpg,st/horse2zebra/img000345.jpg,st/monet2photo/img008543.jpg
st/horse2zebra/img004151.jpg,st/photo2monet/img010946.jpg,st/photo2monet/img015218.jpg
st/horse2zebra/img002687.jpg,st/photo2monet/img013363.jpg,st/photo2monet/img017189.jpg
st/horse2zebra/img002105.jpg,st/photo2monet/img013659.jpg,st/horse2zebra/img001730.jpg
st/horse2zebra/img000105.jpg,st/photo2monet/img017968.jpg,st/photo2monet/img014988.jpg
st/horse2zebra/img001945.jpg,st/photo2monet/img011803.jpg,st/monet2photo/img010573.jpg
st/horse2zebra/img004029.jpg,st/photo2monet/img015505.jpg,st/photo2monet/img012864.jpg
st/photo2monet/img016891.jpg,st/monet2photo/img008458.jpg,st/monet2photo/img010399.jpg
st/horse2zebra/img004709.jpg,st/horse2zebra/img003133.jpg,st/monet2photo/img009661.jpg
st/horse2zebra/img003215.jpg,st/photo2monet/img013917.jpg,st/monet2photo/img009625.jpg
st/monet2photo/img008480.jpg,st/monet2photo/img010094.jpg,st/photo2monet/img013137.jpg
st/photo2monet/img018165.jpg,st/horse2zebra/img003425.jpg,st/horse2zebra/img004324.jpg
st/horse2zebra/img001125.jpg,st/photo2monet/img014004.jpg,st/photo2monet/img014670.jpg
st/horse2zebra/img001789.jpg,st/photo2monet/img016743.jpg,st/horse2zebra/img005276.jpg
st/horse2zebra/img004281.jpg,st/photo2monet/img015350.jpg,st/monet2photo/img010037.jpg
st/monet2photo/img010552.jpg,st/horse2zebra/img003401.jpg,st/monet2photo/img009415.jpg
st/horse2zebra/img002741.jpg,st/photo2monet/img017548.jpg,st/photo2monet/img014279.jpg
st/photo2monet/img016810.jpg,st/monet2photo/img009662.jpg,st/photo2monet/img014009.jpg
st/monet2photo/img009774.jpg,st/monet2photo/img009636.jpg,st/photo2monet/img014058.jpg
st/photo2monet/img017822.jpg,st/horse2zebra/img000235.jpg,st/photo2monet/img013720.jpg
st/photo2monet/img015795.jpg,st/horse2zebra/img001083.jpg,st/photo2monet/img013873.jpg
st/photo2monet/img016818.jpg,st/horse2zebra/img003003.jpg,st/horse2zebra/img003056.jpg
st/horse2zebra/img004131.jpg,st/horse2zebra/img000813.jpg,st/photo2monet/img014395.jpg
st/photo2monet/img015591.jpg,st/photo2monet/img012072.jpg,st/monet2photo/img008851.jpg
st/photo2monet/img011761.jpg,st/photo2monet/img017388.jpg,st/monet2photo/img009209.jpg
st/photo2monet/img016804.jpg,st/photo2monet/img014541.jpg,st/horse2zebra/img000348.jpg
st/horse2zebra/img001931.jpg,st/horse2zebra/img000479.jpg,st/monet2photo/img010675.jpg
st/photo2monet/img012501.jpg,st/horse2zebra/img000425.jpg,st/monet2photo/img010511.jpg
st/horse2zebra/img004501.jpg,st/photo2monet/img016086.jpg,st/horse2zebra/img001966.jpg
st/photo2monet/img015567.jpg,st/photo2monet/img013355.jpg,st/horse2zebra/img004278.jpg
st/photo2monet/img017160.jpg,st/horse2zebra/img002997.jpg,st/photo2monet/img011955.jpg
st/horse2zebra/img000419.jpg,st/photo2monet/img011714.jpg,st/horse2zebra/img000424.jpg
st/photo2monet/img011041.jpg,st/photo2monet/img010997.jpg,st/horse2zebra/img004746.jpg
st/horse2zebra/img005255.jpg,st/horse2zebra/img000821.jpg,st/horse2zebra/img002086.jpg
st/monet2photo/img010056.jpg,st/photo2monet/img013403.jpg,st/photo2monet/img010787.jpg
st/photo2monet/img012780.jpg,st/photo2monet/img014408.jpg,st/photo2monet/img016684.jpg
st/monet2photo/img010090.jpg,st/monet2photo/img008680.jpg,st/photo2monet/img017185.jpg
st/photo2monet/img013703.jpg,st/horse2zebra/img000047.jpg,st/photo2monet/img017856.jpg
st/photo2monet/img014000.jpg,st/horse2zebra/img004597.jpg,st/monet2photo/img009057.jpg
st/photo2monet/img011605.jpg,st/horse2zebra/img003639.jpg,st/horse2zebra/img002542.jpg
st/photo2monet/img017523.jpg,st/horse2zebra/img001603.jpg,st/photo2monet/img014932.jpg
st/photo2monet/img015863.jpg,st/photo2monet/img011566.jpg,st/horse2zebra/img002936.jpg
st/monet2photo/img008340.jpg,st/photo2monet/img016795.jpg,st/horse2zebra/img003620.jpg
st/photo2monet/img014693.jpg,st/horse2zebra/img002673.jpg,st/monet2photo/img009665.jpg
st/photo2monet/img017867.jpg,st/photo2monet/img014698.jpg,st/horse2zebra/img004600.jpg
st/photo2monet/img014807.jpg,st/photo2monet/img017132.jpg,st/horse2zebra/img000906.jpg
st/photo2monet/img011121.jpg,st/photo2monet/img013159.jpg,st/horse2zebra/img003998.jpg
st/horse2zebra/img000249.jpg,st/photo2monet/img013809.jpg,st/photo2monet/img012208.jpg
st/horse2zebra/img003057.jpg,st/horse2zebra/img000957.jpg,st/monet2photo/img009293.jpg
st/horse2zebra/img003499.jpg,st/horse2zebra/img000015.jpg,st/photo2monet/img012581.jpg
st/horse2zebra/img000849.jpg,st/monet2photo/img009932.jpg,st/photo2monet/img014606.jpg
st/photo2monet/img011370.jpg,st/monet2photo/img009040.jpg,st/horse2zebra/img000494.jpg
st/monet2photo/img010136.jpg,st/photo2monet/img013365.jpg,st/horse2zebra/img000400.jpg
st/horse2zebra/img000831.jpg,st/photo2monet/img017201.jpg,st/monet2photo/img008853.jpg
st/photo2monet/img018160.jpg,st/photo2monet/img013090.jpg,st/monet2photo/img008643.jpg
st/photo2monet/img016279.jpg,st/horse2zebra/img004001.jpg,st/monet2photo/img010245.jpg
st/horse2zebra/img002275.jpg,st/horse2zebra/img003391.jpg,st/horse2zebra/img004870.jpg
st/horse2zebra/img004923.jpg,st/horse2zebra/img002465.jpg,st/photo2monet/img015778.jpg
st/horse2zebra/img001131.jpg,st/photo2monet/img016947.jpg,st/photo2monet/img015827.jpg
st/horse2zebra/img005105.jpg,st/monet2photo/img009226.jpg,st/horse2zebra/img004964.jpg
st/monet2photo/img010444.jpg,st/horse2zebra/img001981.jpg,st/horse2zebra/img001678.jpg
st/horse2zebra/img003593.jpg,st/photo2monet/img011277.jpg,st/horse2zebra/img002614.jpg
st/monet2photo/img008500.jpg,st/photo2monet/img014112.jpg,st/horse2zebra/img003858.jpg
st/horse2zebra/img000575.jpg,st/photo2monet/img014946.jpg,st/horse2zebra/img003032.jpg
st/photo2monet/img016870.jpg,st/photo2monet/img013172.jpg,st/horse2zebra/img002822.jpg
st/photo2monet/img013066.jpg,st/photo2monet/img015204.jpg,st/horse2zebra/img003266.jpg
st/photo2monet/img012497.jpg,st/monet2photo/img009348.jpg,st/horse2zebra/img004672.jpg
st/horse2zebra/img001713.jpg,st/photo2monet/img013030.jpg,st/horse2zebra/img002024.jpg
st/monet2photo/img009294.jpg,st/photo2monet/img017884.jpg,st/horse2zebra/img002224.jpg
st/photo2monet/img014308.jpg,st/photo2monet/img015168.jpg,st/monet2photo/img008421.jpg
st/horse2zebra/img003229.jpg,st/horse2zebra/img003001.jpg,st/photo2monet/img013516.jpg
st/photo2monet/img017724.jpg,st/monet2photo/img010148.jpg,st/photo2monet/img014006.jpg
st/photo2monet/img017852.jpg,st/photo2monet/img014045.jpg,st/photo2monet/img013523.jpg
st/monet2photo/img010380.jpg,st/photo2monet/img017155.jpg,st/horse2zebra/img003630.jpg
st/horse2zebra/img000767.jpg,st/horse2zebra/img004021.jpg,st/horse2zebra/img004164.jpg
st/horse2zebra/img003221.jpg,st/horse2zebra/img004783.jpg,st/photo2monet/img012582.jpg
st/horse2zebra/img003659.jpg,st/monet2photo/img009292.jpg,st/photo2monet/img011541.jpg
st/horse2zebra/img002651.jpg,st/photo2monet/img012752.jpg,st/monet2photo/img009559.jpg
st/photo2monet/img011707.jpg,st/horse2zebra/img002499.jpg,st/monet2photo/img009985.jpg
st/horse2zebra/img002057.jpg,st/horse2zebra/img001365.jpg,st/photo2monet/img014385.jpg
st/horse2zebra/img001885.jpg,st/photo2monet/img011919.jpg,st/photo2monet/img017562.jpg
st/photo2monet/img013676.jpg,st/horse2zebra/img002961.jpg,st/horse2zebra/img000330.jpg
st/horse2zebra/img000239.jpg,st/monet2photo/img008544.jpg,st/photo2monet/img012663.jpg
st/monet2photo/img008892.jpg,st/photo2monet/img017300.jpg,st/photo2monet/img011783.jpg
st/horse2zebra/img000745.jpg,st/monet2photo/img009570.jpg,st/horse2zebra/img000824.jpg
st/horse2zebra/img001969.jpg,st/photo2monet/img017529.jpg,st/horse2zebra/img003408.jpg
st/photo2monet/img018152.jpg,st/photo2monet/img010929.jpg,st/photo2monet/img014453.jpg
st/horse2zebra/img001973.jpg,st/photo2monet/img014085.jpg,st/photo2monet/img015599.jpg
st/photo2monet/img016399.jpg,st/horse2zebra/img000367.jpg,st/photo2monet/img012415.jpg
st/monet2photo/img009834.jpg,st/monet2photo/img008420.jpg,st/photo2monet/img011549.jpg
st/horse2zebra/img000093.jpg,st/photo2monet/img013032.jpg,st/photo2monet/img016959.jpg
st/horse2zebra/img000963.jpg,st/horse2zebra/img002691.jpg,st/horse2zebra/img001454.jpg
st/photo2monet/img012997.jpg,st/horse2zebra/img001059.jpg,st/horse2zebra/img004958.jpg
st/horse2zebra/img004185.jpg,st/photo2monet/img015725.jpg,st/photo2monet/img017134.jpg
st/photo2monet/img016715.jpg,st/horse2zebra/img002751.jpg,st/photo2monet/img014837.jpg
st/photo2monet/img010775.jpg,st/monet2photo/img008782.jpg,st/horse2zebra/img004608.jpg
st/monet2photo/img009938.jpg,st/photo2monet/img015700.jpg,st/monet2photo/img010615.jpg
st/horse2zebra/img004677.jpg,st/photo2monet/img010992.jpg,st/horse2zebra/img000380.jpg
st/monet2photo/img010638.jpg,st/photo2monet/img011321.jpg,st/monet2photo/img009857.jpg
st/photo2monet/img011272.jpg,st/photo2monet/img012645.jpg,st/photo2monet/img013733.jpg
st/photo2monet/img011048.jpg,st/horse2zebra/img002681.jpg,st/horse2zebra/img004134.jpg
st/photo2monet/img015085.jpg,st/horse2zebra/img002399.jpg,st/photo2monet/img011567.jpg
st/photo2monet/img017521.jpg,st/photo2monet/img010835.jpg,st/monet2photo/img008483.jpg
st/photo2monet/img012225.jpg,st/photo2monet/img013723.jpg,st/monet2photo/img009233.jpg
st/horse2zebra/img003011.jpg,st/horse2zebra/img004837.jpg,st/photo2monet/img013092.jpg
st/photo2monet/img016522.jpg,st/monet2photo/img010462.jpg,st/photo2monet/img015780.jpg
st/photo2monet/img015441.jpg,st/horse2zebra/img004691.jpg,st/horse2zebra/img004818.jpg
st/horse2zebra/img001461.jpg,st/monet2photo/img008318.jpg,st/horse2zebra/img000746.jpg
st/horse2zebra/img001819.jpg,st/photo2monet/img012940.jpg,st/photo2monet/img012443.jpg
st/photo2monet/img012365.jpg,st/monet2photo/img008850.jpg,st/horse2zebra/img003680.jpg
st/photo2monet/img011114.jpg,st/photo2monet/img013453.jpg,st/horse2zebra/img001506.jpg
st/horse2zebra/img001251.jpg,st/monet2photo/img010606.jpg,st/horse2zebra/img004140.jpg
st/horse2zebra/img004259.jpg,st/monet2photo/img008636.jpg,st/photo2monet/img015483.jpg
st/monet2photo/img009514.jpg,st/photo2monet/img016392.jpg,st/horse2zebra/img004464.jpg
st/photo2monet/img011710.jpg,st/photo2monet/img014065.jpg,st/photo2monet/img011492.jpg
st/monet2photo/img010420.jpg,st/photo2monet/img011518.jpg,st/photo2monet/img014596.jpg
st/horse2zebra/img000517.jpg,st/horse2zebra/img005261.jpg,st/horse2zebra/img000288.jpg
st/horse2zebra/img002131.jpg,st/horse2zebra/img000679.jpg,st/photo2monet/img013113.jpg
st/photo2monet/img013253.jpg,st/horse2zebra/img001841.jpg,st/horse2zebra/img004236.jpg
st/horse2zebra/img004009.jpg,st/photo2monet/img014795.jpg,st/photo2monet/img016889.jpg
st/photo2monet/img016887.jpg,st/horse2zebra/img004355.jpg,st/photo2monet/img017019.jpg
st/photo2monet/img013408.jpg,st/photo2monet/img015279.jpg,st/horse2zebra/img003260.jpg
st/photo2monet/img017392.jpg,st/photo2monet/img011834.jpg,st/monet2photo/img010247.jpg
st/monet2photo/img009386.jpg,st/horse2zebra/img001465.jpg,st/photo2monet/img014770.jpg
st/photo2monet/img012145.jpg,st/photo2monet/img015826.jpg,st/horse2zebra/img000728.jpg
st/horse2zebra/img003707.jpg,st/photo2monet/img015143.jpg,st/photo2monet/img015663.jpg
st/photo2monet/img013161.jpg,st/horse2zebra/img000111.jpg,st/photo2monet/img014154.jpg
st/photo2monet/img013509.jpg,st/monet2photo/img008700.jpg,st/photo2monet/img014561.jpg
st/photo2monet/img011135.jpg,st/monet2photo/img010270.jpg,st/photo2monet/img011909.jpg
st/photo2monet/img013846.jpg,st/monet2photo/img008832.jpg,st/horse2zebra/img004488.jpg
st/horse2zebra/img000391.jpg,st/photo2monet/img012570.jpg,st/monet2photo/img010147.jpg
st/horse2zebra/img004337.jpg,st/monet2photo/img008956.jpg,st/horse2zebra/img002840.jpg
st/horse2zebra/img000413.jpg,st/horse2zebra/img002833.jpg,st/photo2monet/img015749.jpg
st/photo2monet/img013716.jpg,st/photo2monet/img011878.jpg,st/photo2monet/img012107.jpg
st/photo2monet/img015305.jpg,st/photo2monet/img014301.jpg,st/monet2photo/img010195.jpg
st/photo2monet/img013193.jpg,st/horse2zebra/img005131.jpg,st/photo2monet/img013270.jpg
st/photo2monet/img016301.jpg,st/photo2monet/img014221.jpg,st/horse2zebra/img002922.jpg
st/horse2zebra/img003311.jpg,st/photo2monet/img012102.jpg,st/monet2photo/img009215.jpg
st/photo2monet/img015875.jpg,st/horse2zebra/img005295.jpg,st/photo2monet/img011235.jpg
st/photo2monet/img013047.jpg,st/photo2monet/img013269.jpg,st/horse2zebra/img001948.jpg
st/photo2monet/img017295.jpg,st/horse2zebra/img001155.jpg,st/monet2photo/img009599.jpg
st/photo2monet/img015504.jpg,st/photo2monet/img016538.jpg,st/photo2monet/img014265.jpg
st/photo2monet/img017253.jpg,st/horse2zebra/img005279.jpg,st/monet2photo/img009683.jpg
st/photo2monet/img012456.jpg,st/monet2photo/img009768.jpg,st/horse2zebra/img003750.jpg
st/photo2monet/img015727.jpg,st/photo2monet/img014314.jpg,st/horse2zebra/img000202.jpg
st/horse2zebra/img001139.jpg,st/monet2photo/img010162.jpg,st/photo2monet/img011659.jpg
st/horse2zebra/img004859.jpg,st/horse2zebra/img001485.jpg,st/photo2monet/img014960.jpg
st/monet2photo/img009310.jpg,st/photo2monet/img016686.jpg,st/photo2monet/img012975.jpg
st/photo2monet/img012127.jpg,st/monet2photo/img010260.jpg,st/photo2monet/img017687.jpg
st/monet2photo/img010408.jpg,st/monet2photo/img009596.jpg,st/monet2photo/img009735.jpg
st/photo2monet/img014614.jpg,st/photo2monet/img014431.jpg,st/horse2zebra/img000104.jpg
st/monet2photo/img010648.jpg,st/photo2monet/img013236.jpg,st/photo2monet/img017456.jpg
st/photo2monet/img012104.jpg,st/photo2monet/img011198.jpg,st/photo2monet/img015473.jpg
st/photo2monet/img011535.jpg,st/monet2photo/img008888.jpg,st/photo2monet/img016588.jpg
st/monet2photo/img009510.jpg,st/photo2monet/img013569.jpg,st/horse2zebra/img002082.jpg
st/horse2zebra/img005315.jpg,st/monet2photo/img009892.jpg,st/photo2monet/img011532.jpg
st/photo2monet/img013333.jpg,st/horse2zebra/img001117.jpg,st/monet2photo/img010235.jpg
st/horse2zebra/img000995.jpg,st/photo2monet/img011293.jpg,st/horse2zebra/img003058.jpg
st/horse2zebra/img000429.jpg,st/photo2monet/img012592.jpg,st/horse2zebra/img001704.jpg
st/photo2monet/img016414.jpg,st/photo2monet/img012728.jpg,st/photo2monet/img013101.jpg
st/photo2monet/img011873.jpg,st/photo2monet/img016409.jpg,st/photo2monet/img016459.jpg
st/photo2monet/img011570.jpg,st/photo2monet/img017804.jpg,st/photo2monet/img011328.jpg
st/horse2zebra/img002973.jpg,st/horse2zebra/img002343.jpg,st/horse2zebra/img000766.jpg
st/photo2monet/img013649.jpg,st/photo2monet/img014911.jpg,st/photo2monet/img012573.jpg
st/monet2photo/img008718.jpg,st/photo2monet/img012928.jpg,st/photo2monet/img015045.jpg
st/photo2monet/img015613.jpg,st/monet2photo/img010412.jpg,st/photo2monet/img017218.jpg
st/horse2zebra/img001477.jpg,st/horse2zebra/img004769.jpg,st/photo2monet/img016544.jpg
st/horse2zebra/img002123.jpg,st/horse2zebra/img000931.jpg,st/horse2zebra/img004492.jpg
st/horse2zebra/img000967.jpg,st/photo2monet/img015868.jpg,st/horse2zebra/img000972.jpg
st/horse2zebra/img001531.jpg,st/photo2monet/img016990.jpg,st/photo2monet/img017059.jpg
st/photo2monet/img012705.jpg,st/horse2zebra/img003183.jpg,st/horse2zebra/img001288.jpg
st/monet2photo/img010652.jpg,st/horse2zebra/img004045.jpg,st/photo2monet/img012056.jpg
st/horse2zebra/img002333.jpg,st/horse2zebra/img004851.jpg,st/horse2zebra/img002726.jpg
st/photo2monet/img013871.jpg,st/horse2zebra/img001725.jpg,st/monet2photo/img009839.jpg
st/photo2monet/img011387.jpg,st/photo2monet/img018073.jpg,st/photo2monet/img012482.jpg
st/photo2monet/img013459.jpg,st/photo2monet/img013214.jpg,st/photo2monet/img015345.jpg
st/horse2zebra/img005095.jpg,st/photo2monet/img017861.jpg,st/horse2zebra/img003840.jpg
st/monet2photo/img008328.jpg,st/photo2monet/img011948.jpg,st/photo2monet/img016073.jpg
st/photo2monet/img012046.jpg,st/photo2monet/img015526.jpg,st/photo2monet/img011724.jpg
st/photo2monet/img012173.jpg,st/photo2monet/img015461.jpg,st/photo2monet/img012100.jpg
st/photo2monet/img015818.jpg,st/photo2monet/img011335.jpg,st/photo2monet/img017504.jpg
st/photo2monet/img015106.jpg,st/photo2monet/img015711.jpg,st/photo2monet/img014492.jpg
st/photo2monet/img015122.jpg,st/horse2zebra/img004471.jpg,st/horse2zebra/img000614.jpg
st/horse2zebra/img003679.jpg,st/horse2zebra/img003853.jpg,st/photo2monet/img015142.jpg
st/horse2zebra/img003515.jpg,st/horse2zebra/img000883.jpg,st/photo2monet/img011893.jpg
st/photo2monet/img017908.jpg,st/photo2monet/img014008.jpg,st/monet2photo/img008863.jpg
st/photo2monet/img010772.jpg,st/photo2monet/img017728.jpg,st/monet2photo/img009741.jpg
st/horse2zebra/img001637.jpg,st/photo2monet/img017101.jpg,st/monet2photo/img009257.jpg
st/horse2zebra/img001157.jpg,st/horse2zebra/img000463.jpg,st/horse2zebra/img000008.jpg
st/photo2monet/img015592.jpg,st/monet2photo/img010336.jpg,st/photo2monet/img016123.jpg
st/photo2monet/img011693.jpg,st/photo2monet/img012210.jpg,st/horse2zebra/img004630.jpg
st/horse2zebra/img000851.jpg,st/monet2photo/img009134.jpg,st/photo2monet/img017335.jpg
st/horse2zebra/img004903.jpg,st/photo2monet/img012065.jpg,st/horse2zebra/img004990.jpg
st/photo2monet/img013476.jpg,st/horse2zebra/img001301.jpg,st/photo2monet/img011958.jpg
st/photo2monet/img014157.jpg,st/horse2zebra/img003373.jpg,st/photo2monet/img013430.jpg
st/photo2monet/img015796.jpg,st/monet2photo/img009232.jpg,st/horse2zebra/img001142.jpg
st/photo2monet/img013313.jpg,st/horse2zebra/img004451.jpg,st/horse2zebra/img001066.jpg
st/photo2monet/img014856.jpg,st/photo2monet/img017952.jpg,st/horse2zebra/img001272.jpg
st/photo2monet/img012495.jpg,st/horse2zebra/img004051.jpg,st/horse2zebra/img001332.jpg
st/photo2monet/img011616.jpg,st/horse2zebra/img004829.jpg,st/photo2monet/img015708.jpg
