real,fake
coco/coco2017/train2017/img101997.jpg,latentdiff-t2i/images/img009911.jpg
coco/coco2017/train2017/img095328.jpg,latentdiff-t2i/images/img003788.jpg
coco/coco2017/test2017/img035961.jpg,latentdiff-t2i/images/img000134.jpg
coco/coco2017/test2017/img028105.jpg,latentdiff-t2i/images/img006341.jpg
coco/coco2017/train2017/img041463.jpg,latentdiff/527/img004769.jpg
coco/coco2017/train2017/img140916.jpg,latentdiff-t2i/images/img004042.jpg
coco/coco2017/test2017/img017837.jpg,latentdiff/98/img009783.jpg
coco/coco2017/train2017/img147499.jpg,latentdiff/561/img005141.jpg
coco/coco2017/test2017/img017718.jpg,latentdiff/198/img001102.jpg
coco/coco2017/test2017/img012356.jpg,latentdiff/849/img008336.jpg
coco/coco2017/train2017/img049304.jpg,latentdiff/69/img006569.jpg
coco/coco2017/train2017/img099357.jpg,latentdiff-t2i/images/img001336.jpg
coco/coco2017/test2017/img036093.jpg,latentdiff-t2i/images/img001163.jpg
coco/coco2017/train2017/img046830.jpg,latentdiff/343/img002721.jpg
coco/coco2017/train2017/img099162.jpg,latentdiff/517/img004650.jpg
coco/coco2017/train2017/img043312.jpg,latentdiff/65/img006129.jpg
coco/coco2017/train2017/img134227.jpg,latentdiff/888/img008763.jpg
coco/coco2017/train2017/img117243.jpg,latentdiff-t2i/images/img002171.jpg
coco/coco2017/train2017/img125481.jpg,latentdiff/988/img009873.jpg
coco/coco2017/train2017/img093866.jpg,latentdiff-t2i/images/img009158.jpg
coco/coco2017/train2017/img137985.jpg,latentdiff-t2i/images/img009005.jpg
coco/coco2017/train2017/img073412.jpg,latentdiff-t2i/images/img001472.jpg
coco/coco2017/test2017/img007489.jpg,latentdiff-t2i/images/img006448.jpg
coco/coco2017/train2017/img136960.jpg,latentdiff-t2i/images/img003705.jpg
coco/coco2017/val2017/img163267.jpg,latentdiff/827/img008095.jpg
coco/coco2017/test2017/img025975.jpg,latentdiff/760/img007356.jpg
coco/coco2017/train2017/img083194.jpg,latentdiff/280/img002025.jpg
coco/coco2017/test2017/img011960.jpg,latentdiff/845/img008297.jpg
coco/coco2017/train2017/img150390.jpg,latentdiff/271/img001928.jpg
coco/coco2017/train2017/img102220.jpg,latentdiff/118/img000221.jpg
coco/coco2017/train2017/img148716.jpg,latentdiff/176/img000862.jpg
coco/coco2017/train2017/img088236.jpg,latentdiff/663/img006279.jpg
coco/coco2017/train2017/img070016.jpg,latentdiff-t2i/images/img003194.jpg
coco/coco2017/train2017/img088628.jpg,latentdiff/956/img009523.jpg
coco/coco2017/train2017/img101701.jpg,latentdiff-t2i/images/img008683.jpg
coco/coco2017/test2017/img028017.jpg,latentdiff/312/img002381.jpg
coco/coco2017/train2017/img114433.jpg,latentdiff/720/img006917.jpg
coco/coco2017/train2017/img051779.jpg,latentdiff/743/img007166.jpg
coco/coco2017/train2017/img104791.jpg,latentdiff/89/img008784.jpg
coco/coco2017/train2017/img050229.jpg,latentdiff-t2i/images/img006518.jpg
coco/coco2017/train2017/img109407.jpg,latentdiff/893/img008821.jpg
coco/coco2017/train2017/img146470.jpg,latentdiff/496/img004416.jpg
coco/coco2017/test2017/img037068.jpg,latentdiff-t2i/images/img000142.jpg
coco/coco2017/train2017/img130991.jpg,latentdiff/851/img008363.jpg
coco/coco2017/train2017/img077212.jpg,latentdiff-t2i/images/img009305.jpg
coco/coco2017/test2017/img017541.jpg,latentdiff/539/img004894.jpg
coco/coco2017/train2017/img140598.jpg,latentdiff/848/img008328.jpg
coco/coco2017/test2017/img004782.jpg,latentdiff-t2i/images/img000167.jpg
coco/coco2017/train2017/img051005.jpg,latentdiff-t2i/images/img004887.jpg
coco/coco2017/train2017/img063015.jpg,latentdiff-t2i/images/img006568.jpg
coco/coco2017/train2017/img075126.jpg,latentdiff-t2i/images/img001599.jpg
coco/coco2017/train2017/img148578.jpg,latentdiff/706/img006755.jpg
coco/coco2017/train2017/img077613.jpg,latentdiff-t2i/images/img001985.jpg
coco/coco2017/train2017/img071323.jpg,latentdiff-t2i/images/img001010.jpg
coco/coco2017/train2017/img083839.jpg,latentdiff-t2i/images/img001177.jpg
coco/coco2017/test2017/img017065.jpg,latentdiff/414/img003518.jpg
coco/coco2017/train2017/img048903.jpg,latentdiff/685/img006510.jpg
coco/coco2017/train2017/img141460.jpg,latentdiff/665/img006294.jpg
coco/coco2017/train2017/img094198.jpg,latentdiff-t2i/images/img006063.jpg
coco/coco2017/train2017/img135520.jpg,latentdiff/856/img008412.jpg
coco/coco2017/train2017/img152478.jpg,latentdiff/914/img009067.jpg
coco/coco2017/train2017/img131473.jpg,latentdiff-t2i/images/img000517.jpg
coco/coco2017/train2017/img103902.jpg,latentdiff/629/img005891.jpg
coco/coco2017/train2017/img138644.jpg,latentdiff-t2i/images/img002438.jpg
coco/coco2017/train2017/img132208.jpg,latentdiff-t2i/images/img002238.jpg
coco/coco2017/train2017/img135354.jpg,latentdiff/925/img009180.jpg
coco/coco2017/train2017/img098633.jpg,latentdiff-t2i/images/img005372.jpg
coco/coco2017/train2017/img108140.jpg,latentdiff/237/img001543.jpg
coco/coco2017/test2017/img036116.jpg,latentdiff-t2i/images/img009934.jpg
coco/coco2017/train2017/img155872.jpg,latentdiff-t2i/images/img001825.jpg
coco/coco2017/train2017/img133645.jpg,latentdiff-t2i/images/img000537.jpg
coco/coco2017/train2017/img114513.jpg,latentdiff-t2i/images/img006311.jpg
coco/coco2017/train2017/img125668.jpg,latentdiff-t2i/images/img009652.jpg
coco/coco2017/test2017/img000472.jpg,latentdiff/755/img007294.jpg
coco/coco2017/train2017/img138541.jpg,latentdiff/109/img000129.jpg
coco/coco2017/train2017/img041544.jpg,latentdiff/528/img004778.jpg
coco/coco2017/train2017/img119122.jpg,latentdiff-t2i/images/img003310.jpg
coco/coco2017/test2017/img008133.jpg,latentdiff-t2i/images/img000682.jpg
coco/coco2017/val2017/img163574.jpg,latentdiff-t2i/images/img000185.jpg
coco/coco2017/train2017/img097318.jpg,latentdiff/415/img003523.jpg
coco/coco2017/train2017/img112745.jpg,latentdiff-t2i/images/img005725.jpg
coco/coco2017/test2017/img022159.jpg,latentdiff/233/img001503.jpg
coco/coco2017/train2017/img042671.jpg,latentdiff-t2i/images/img001440.jpg
coco/coco2017/train2017/img148267.jpg,latentdiff/577/img005313.jpg
coco/coco2017/test2017/img007181.jpg,latentdiff-t2i/images/img001181.jpg
coco/coco2017/train2017/img123517.jpg,latentdiff/307/img002326.jpg
coco/coco2017/train2017/img065724.jpg,latentdiff-t2i/images/img004936.jpg
coco/coco2017/test2017/img037892.jpg,latentdiff/10/img000025.jpg
coco/coco2017/train2017/img137159.jpg,latentdiff-t2i/images/img005795.jpg
coco/coco2017/train2017/img131383.jpg,latentdiff/131/img000372.jpg
coco/coco2017/train2017/img138636.jpg,latentdiff-t2i/images/img005763.jpg
coco/coco2017/train2017/img151962.jpg,latentdiff/22/img001355.jpg
coco/coco2017/test2017/img037947.jpg,latentdiff/593/img005496.jpg
coco/coco2017/train2017/img045449.jpg,latentdiff-t2i/images/img005180.jpg
coco/coco2017/train2017/img135662.jpg,latentdiff-t2i/images/img009350.jpg
coco/coco2017/test2017/img039201.jpg,latentdiff/454/img003950.jpg
coco/coco2017/train2017/img132285.jpg,latentdiff-t2i/images/img009367.jpg
coco/coco2017/train2017/img066751.jpg,latentdiff/860/img008468.jpg
coco/coco2017/train2017/img155269.jpg,latentdiff-t2i/images/img002314.jpg
coco/coco2017/train2017/img085408.jpg,latentdiff-t2i/images/img001296.jpg
coco/coco2017/train2017/img126692.jpg,latentdiff/562/img005157.jpg
coco/coco2017/train2017/img101754.jpg,latentdiff/736/img007084.jpg
coco/coco2017/train2017/img056480.jpg,latentdiff-t2i/images/img007821.jpg
coco/coco2017/train2017/img126939.jpg,latentdiff-t2i/images/img009398.jpg
coco/coco2017/train2017/img063073.jpg,latentdiff-t2i/images/img009957.jpg
coco/coco2017/test2017/img025293.jpg,latentdiff-t2i/images/img009577.jpg
coco/coco2017/test2017/img017973.jpg,latentdiff/228/img001449.jpg
coco/coco2017/test2017/img027570.jpg,latentdiff-t2i/images/img007321.jpg
coco/coco2017/test2017/img003741.jpg,latentdiff/956/img009527.jpg
coco/coco2017/train2017/img061136.jpg,latentdiff/52/img004681.jpg
coco/coco2017/train2017/img125930.jpg,latentdiff/386/img003194.jpg
coco/coco2017/train2017/img080650.jpg,latentdiff-t2i/images/img002545.jpg
coco/coco2017/test2017/img035948.jpg,latentdiff/496/img004416.jpg
coco/coco2017/train2017/img116812.jpg,latentdiff-t2i/images/img001992.jpg
coco/coco2017/train2017/img100482.jpg,latentdiff-t2i/images/img008937.jpg
coco/coco2017/train2017/img083095.jpg,latentdiff-t2i/images/img006830.jpg
coco/coco2017/train2017/img127559.jpg,latentdiff/733/img007050.jpg
coco/coco2017/train2017/img056587.jpg,latentdiff/735/img007071.jpg
coco/coco2017/test2017/img001029.jpg,latentdiff-t2i/images/img006126.jpg
coco/coco2017/train2017/img106191.jpg,latentdiff-t2i/images/img000223.jpg
coco/coco2017/train2017/img098475.jpg,latentdiff/536/img004868.jpg
coco/coco2017/test2017/img018024.jpg,latentdiff/558/img005104.jpg
coco/coco2017/train2017/img051567.jpg,latentdiff/640/img006025.jpg
coco/coco2017/train2017/img079364.jpg,latentdiff-t2i/images/img000068.jpg
coco/coco2017/train2017/img054407.jpg,latentdiff-t2i/images/img004370.jpg
coco/coco2017/train2017/img070903.jpg,latentdiff/484/img004289.jpg
coco/coco2017/train2017/img154792.jpg,latentdiff-t2i/images/img006977.jpg
coco/coco2017/train2017/img138806.jpg,latentdiff-t2i/images/img001854.jpg
coco/coco2017/train2017/img103704.jpg,latentdiff-t2i/images/img006219.jpg
coco/coco2017/train2017/img080997.jpg,latentdiff-t2i/images/img002636.jpg
coco/coco2017/train2017/img157286.jpg,latentdiff/847/img008318.jpg
coco/coco2017/train2017/img117959.jpg,latentdiff-t2i/images/img009916.jpg
coco/coco2017/train2017/img082802.jpg,latentdiff-t2i/images/img001274.jpg
coco/coco2017/test2017/img033236.jpg,latentdiff-t2i/images/img006480.jpg
coco/coco2017/test2017/img035136.jpg,latentdiff-t2i/images/img008890.jpg
coco/coco2017/train2017/img085528.jpg,latentdiff/885/img008734.jpg
coco/coco2017/train2017/img087003.jpg,latentdiff/884/img008729.jpg
coco/coco2017/test2017/img006727.jpg,latentdiff/857/img008422.jpg
coco/coco2017/train2017/img048591.jpg,latentdiff-t2i/images/img008456.jpg
coco/coco2017/test2017/img009371.jpg,latentdiff/352/img002825.jpg
coco/coco2017/train2017/img145121.jpg,latentdiff-t2i/images/img008363.jpg
coco/coco2017/train2017/img144880.jpg,latentdiff/434/img003738.jpg
coco/coco2017/train2017/img087676.jpg,latentdiff-t2i/images/img008897.jpg
coco/coco2017/train2017/img099400.jpg,latentdiff-t2i/images/img003898.jpg
coco/coco2017/train2017/img071271.jpg,latentdiff/955/img009513.jpg
coco/coco2017/train2017/img046413.jpg,latentdiff-t2i/images/img003398.jpg
coco/coco2017/train2017/img133698.jpg,latentdiff-t2i/images/img001841.jpg
coco/coco2017/train2017/img046632.jpg,latentdiff-t2i/images/img007143.jpg
coco/coco2017/train2017/img070899.jpg,latentdiff-t2i/images/img002110.jpg
coco/coco2017/train2017/img100671.jpg,latentdiff-t2i/images/img007199.jpg
coco/coco2017/train2017/img123832.jpg,latentdiff-t2i/images/img001734.jpg
coco/coco2017/train2017/img141628.jpg,latentdiff-t2i/images/img008377.jpg
coco/coco2017/train2017/img054191.jpg,latentdiff-t2i/images/img004146.jpg
coco/coco2017/train2017/img132284.jpg,latentdiff/96/img009568.jpg
coco/coco2017/train2017/img060045.jpg,latentdiff-t2i/images/img001704.jpg
coco/coco2017/train2017/img106878.jpg,latentdiff-t2i/images/img008471.jpg
coco/coco2017/train2017/img068588.jpg,latentdiff-t2i/images/img003568.jpg
coco/coco2017/train2017/img097959.jpg,latentdiff/904/img008951.jpg
coco/coco2017/train2017/img112693.jpg,latentdiff/776/img007529.jpg
coco/coco2017/train2017/img099334.jpg,latentdiff/798/img007768.jpg
coco/coco2017/train2017/img065926.jpg,latentdiff-t2i/images/img003280.jpg
coco/coco2017/test2017/img011361.jpg,latentdiff-t2i/images/img007271.jpg
coco/coco2017/train2017/img094319.jpg,latentdiff-t2i/images/img005325.jpg
coco/coco2017/train2017/img110713.jpg,latentdiff-t2i/images/img009788.jpg
coco/coco2017/train2017/img057548.jpg,latentdiff/37/img003015.jpg
coco/coco2017/train2017/img050054.jpg,latentdiff-t2i/images/img003441.jpg
coco/coco2017/train2017/img124498.jpg,latentdiff-t2i/images/img004466.jpg
coco/coco2017/train2017/img125366.jpg,latentdiff-t2i/images/img001942.jpg
coco/coco2017/test2017/img003561.jpg,latentdiff-t2i/images/img000329.jpg
coco/coco2017/train2017/img090602.jpg,latentdiff/828/img008107.jpg
coco/coco2017/test2017/img036893.jpg,latentdiff-t2i/images/img000968.jpg
coco/coco2017/train2017/img049175.jpg,latentdiff/295/img002182.jpg
coco/coco2017/train2017/img081813.jpg,latentdiff-t2i/images/img005342.jpg
coco/coco2017/test2017/img023308.jpg,latentdiff/792/img007703.jpg
coco/coco2017/train2017/img136423.jpg,latentdiff-t2i/images/img002910.jpg
coco/coco2017/train2017/img117013.jpg,latentdiff-t2i/images/img002903.jpg
coco/coco2017/test2017/img007586.jpg,latentdiff/706/img006751.jpg
coco/coco2017/train2017/img060034.jpg,latentdiff/84/img008237.jpg
coco/coco2017/test2017/img027096.jpg,latentdiff-t2i/images/img003262.jpg
coco/coco2017/test2017/img006184.jpg,latentdiff/334/img002621.jpg
coco/coco2017/test2017/img012267.jpg,latentdiff-t2i/images/img001723.jpg
coco/coco2017/test2017/img030214.jpg,latentdiff/331/img002590.jpg
coco/coco2017/train2017/img144464.jpg,latentdiff-t2i/images/img005919.jpg
coco/coco2017/test2017/img025435.jpg,latentdiff/985/img009840.jpg
coco/coco2017/test2017/img018809.jpg,latentdiff-t2i/images/img005025.jpg
coco/coco2017/train2017/img118389.jpg,latentdiff/980/img009795.jpg
coco/coco2017/train2017/img118102.jpg,latentdiff-t2i/images/img007511.jpg
coco/coco2017/train2017/img079385.jpg,latentdiff/147/img000548.jpg
coco/coco2017/train2017/img108211.jpg,latentdiff-t2i/images/img007232.jpg
coco/coco2017/train2017/img051147.jpg,latentdiff/713/img006833.jpg
coco/coco2017/train2017/img089761.jpg,latentdiff-t2i/images/img006094.jpg
coco/coco2017/train2017/img130188.jpg,latentdiff-t2i/images/img004997.jpg
coco/coco2017/test2017/img033667.jpg,latentdiff-t2i/images/img004122.jpg
coco/coco2017/test2017/img035395.jpg,latentdiff/582/img005371.jpg
coco/coco2017/test2017/img014584.jpg,latentdiff-t2i/images/img007277.jpg
coco/coco2017/test2017/img027085.jpg,latentdiff/848/img008327.jpg
coco/coco2017/test2017/img037693.jpg,latentdiff-t2i/images/img007938.jpg
coco/coco2017/train2017/img132736.jpg,latentdiff-t2i/images/img001742.jpg
coco/coco2017/train2017/img046171.jpg,latentdiff-t2i/images/img006281.jpg
coco/coco2017/train2017/img051749.jpg,latentdiff-t2i/images/img000850.jpg
coco/coco2017/test2017/img031113.jpg,latentdiff-t2i/images/img006912.jpg
coco/coco2017/train2017/img118848.jpg,latentdiff-t2i/images/img003075.jpg
coco/coco2017/train2017/img063753.jpg,latentdiff/623/img005832.jpg
coco/coco2017/train2017/img130650.jpg,latentdiff-t2i/images/img002356.jpg
coco/coco2017/test2017/img021002.jpg,latentdiff-t2i/images/img001854.jpg
coco/coco2017/test2017/img020319.jpg,latentdiff/117/img000217.jpg
coco/coco2017/test2017/img000826.jpg,latentdiff-t2i/images/img004797.jpg
coco/coco2017/train2017/img143680.jpg,latentdiff-t2i/images/img008281.jpg
coco/coco2017/test2017/img035870.jpg,latentdiff/249/img001675.jpg
coco/coco2017/test2017/img034373.jpg,latentdiff/594/img005502.jpg
coco/coco2017/test2017/img032007.jpg,latentdiff/814/img007957.jpg
coco/coco2017/train2017/img053512.jpg,latentdiff/317/img002431.jpg
coco/coco2017/train2017/img086521.jpg,latentdiff-t2i/images/img003128.jpg
coco/coco2017/train2017/img145072.jpg,latentdiff/473/img004162.jpg
coco/coco2017/train2017/img142844.jpg,latentdiff/139/img000452.jpg
coco/coco2017/test2017/img006145.jpg,latentdiff-t2i/images/img007552.jpg
coco/coco2017/test2017/img038005.jpg,latentdiff/5/img004457.jpg
coco/coco2017/train2017/img106908.jpg,latentdiff-t2i/images/img006479.jpg
coco/coco2017/val2017/img162592.jpg,latentdiff-t2i/images/img007131.jpg
coco/coco2017/train2017/img110178.jpg,latentdiff-t2i/images/img000808.jpg
coco/coco2017/val2017/img161923.jpg,latentdiff-t2i/images/img007189.jpg
coco/coco2017/train2017/img056580.jpg,latentdiff/969/img009668.jpg
coco/coco2017/train2017/img049942.jpg,latentdiff/161/img000706.jpg
coco/coco2017/test2017/img031111.jpg,latentdiff-t2i/images/img006431.jpg
coco/coco2017/train2017/img148646.jpg,latentdiff/138/img000442.jpg
coco/coco2017/test2017/img011799.jpg,latentdiff/113/img000176.jpg
coco/coco2017/train2017/img099630.jpg,latentdiff-t2i/images/img008385.jpg
coco/coco2017/train2017/img048267.jpg,latentdiff-t2i/images/img000860.jpg
coco/coco2017/test2017/img026850.jpg,latentdiff-t2i/images/img005255.jpg
coco/coco2017/train2017/img121964.jpg,latentdiff/279/img002009.jpg
coco/coco2017/train2017/img096246.jpg,latentdiff/452/img003935.jpg
coco/coco2017/train2017/img124536.jpg,latentdiff-t2i/images/img004009.jpg
coco/coco2017/train2017/img149481.jpg,latentdiff-t2i/images/img002960.jpg
coco/coco2017/test2017/img026685.jpg,latentdiff-t2i/images/img005171.jpg
coco/coco2017/train2017/img135381.jpg,latentdiff-t2i/images/img002815.jpg
coco/coco2017/train2017/img136387.jpg,latentdiff/292/img002150.jpg
coco/coco2017/train2017/img053949.jpg,latentdiff-t2i/images/img002978.jpg
coco/coco2017/test2017/img003291.jpg,latentdiff-t2i/images/img002516.jpg
coco/coco2017/train2017/img044227.jpg,latentdiff/322/img002496.jpg
coco/coco2017/train2017/img044417.jpg,latentdiff/197/img001091.jpg
coco/coco2017/train2017/img108911.jpg,latentdiff-t2i/images/img008440.jpg
coco/coco2017/train2017/img126478.jpg,latentdiff/685/img006513.jpg
coco/coco2017/train2017/img070565.jpg,latentdiff/375/img003077.jpg
coco/coco2017/train2017/img047648.jpg,latentdiff/749/img007222.jpg
coco/coco2017/test2017/img004044.jpg,latentdiff/404/img003403.jpg
coco/coco2017/test2017/img008570.jpg,latentdiff/447/img003876.jpg
coco/coco2017/test2017/img034139.jpg,latentdiff/491/img004360.jpg
coco/coco2017/train2017/img128797.jpg,latentdiff/557/img005093.jpg
coco/coco2017/train2017/img069327.jpg,latentdiff-t2i/images/img006021.jpg
coco/coco2017/test2017/img012116.jpg,latentdiff-t2i/images/img000861.jpg
coco/coco2017/train2017/img130627.jpg,latentdiff/125/img000307.jpg
coco/coco2017/train2017/img134864.jpg,latentdiff-t2i/images/img002289.jpg
coco/coco2017/train2017/img135948.jpg,latentdiff/994/img009941.jpg
coco/coco2017/val2017/img162701.jpg,latentdiff-t2i/images/img004862.jpg
coco/coco2017/train2017/img045105.jpg,latentdiff/879/img008669.jpg
coco/coco2017/train2017/img099961.jpg,latentdiff-t2i/images/img006891.jpg
coco/coco2017/train2017/img089261.jpg,latentdiff/831/img008140.jpg
coco/coco2017/test2017/img015838.jpg,latentdiff/835/img008183.jpg
coco/coco2017/test2017/img004101.jpg,latentdiff-t2i/images/img002804.jpg
coco/coco2017/train2017/img043177.jpg,latentdiff-t2i/images/img002637.jpg
coco/coco2017/train2017/img097656.jpg,latentdiff-t2i/images/img003035.jpg
coco/coco2017/train2017/img112966.jpg,latentdiff/786/img007638.jpg
coco/coco2017/train2017/img148614.jpg,latentdiff-t2i/images/img005881.jpg
coco/coco2017/train2017/img060154.jpg,latentdiff/327/img002549.jpg
coco/coco2017/test2017/img027525.jpg,latentdiff/338/img002662.jpg
coco/coco2017/test2017/img035905.jpg,latentdiff-t2i/images/img004469.jpg
coco/coco2017/train2017/img150194.jpg,latentdiff/828/img008104.jpg
coco/coco2017/train2017/img058357.jpg,latentdiff/89/img008784.jpg
coco/coco2017/train2017/img055445.jpg,latentdiff/557/img005097.jpg
coco/coco2017/train2017/img135836.jpg,latentdiff/45/img003903.jpg
coco/coco2017/train2017/img061202.jpg,latentdiff/862/img008488.jpg
coco/coco2017/test2017/img012350.jpg,latentdiff-t2i/images/img007370.jpg
coco/coco2017/train2017/img048063.jpg,latentdiff/913/img009051.jpg
coco/coco2017/train2017/img153164.jpg,latentdiff/214/img001296.jpg
coco/coco2017/train2017/img069946.jpg,latentdiff/595/img005514.jpg
coco/coco2017/train2017/img095379.jpg,latentdiff/417/img003549.jpg
coco/coco2017/train2017/img095504.jpg,latentdiff-t2i/images/img007867.jpg
coco/coco2017/train2017/img043027.jpg,latentdiff-t2i/images/img003624.jpg
coco/coco2017/test2017/img014470.jpg,latentdiff-t2i/images/img000555.jpg
coco/coco2017/train2017/img153233.jpg,latentdiff-t2i/images/img000167.jpg
coco/coco2017/test2017/img037112.jpg,latentdiff-t2i/images/img006553.jpg
coco/coco2017/train2017/img065641.jpg,latentdiff/552/img005042.jpg
coco/coco2017/train2017/img107607.jpg,latentdiff/435/img003742.jpg
coco/coco2017/train2017/img056598.jpg,latentdiff-t2i/images/img000134.jpg
coco/coco2017/train2017/img111813.jpg,latentdiff-t2i/images/img005269.jpg
coco/coco2017/train2017/img049246.jpg,latentdiff/879/img008668.jpg
coco/coco2017/train2017/img050656.jpg,latentdiff-t2i/images/img009687.jpg
coco/coco2017/train2017/img128558.jpg,latentdiff-t2i/images/img000974.jpg
coco/coco2017/train2017/img140854.jpg,latentdiff-t2i/images/img000227.jpg
coco/coco2017/train2017/img056067.jpg,latentdiff-t2i/images/img005182.jpg
coco/coco2017/train2017/img061320.jpg,latentdiff/679/img006445.jpg
coco/coco2017/train2017/img129276.jpg,latentdiff-t2i/images/img004927.jpg
coco/coco2017/train2017/img075976.jpg,latentdiff-t2i/images/img002821.jpg
coco/coco2017/train2017/img111885.jpg,latentdiff/948/img009433.jpg
coco/coco2017/train2017/img091069.jpg,latentdiff-t2i/images/img003263.jpg
coco/coco2017/train2017/img111606.jpg,latentdiff/447/img003876.jpg
coco/coco2017/train2017/img110697.jpg,latentdiff/238/img001551.jpg
coco/coco2017/test2017/img038522.jpg,latentdiff/616/img005752.jpg
coco/coco2017/test2017/img013211.jpg,latentdiff/567/img005209.jpg
coco/coco2017/train2017/img089765.jpg,latentdiff-t2i/images/img006826.jpg
coco/coco2017/train2017/img048337.jpg,latentdiff/950/img009469.jpg
coco/coco2017/test2017/img024485.jpg,latentdiff-t2i/images/img004724.jpg
coco/coco2017/train2017/img145154.jpg,latentdiff/473/img004169.jpg
coco/coco2017/train2017/img078068.jpg,latentdiff/177/img000872.jpg
coco/coco2017/test2017/img023430.jpg,latentdiff/132/img000386.jpg
coco/coco2017/train2017/img146460.jpg,latentdiff/505/img004529.jpg
coco/coco2017/train2017/img107499.jpg,latentdiff-t2i/images/img005197.jpg
coco/coco2017/train2017/img094150.jpg,latentdiff/365/img002961.jpg
coco/coco2017/train2017/img124094.jpg,latentdiff/406/img003420.jpg
coco/coco2017/train2017/img157523.jpg,latentdiff/57/img005231.jpg
coco/coco2017/train2017/img142387.jpg,latentdiff-t2i/images/img004506.jpg
coco/coco2017/test2017/img022590.jpg,latentdiff/919/img009118.jpg
coco/coco2017/train2017/img097994.jpg,latentdiff-t2i/images/img005243.jpg
coco/coco2017/train2017/img096694.jpg,latentdiff/517/img004652.jpg
coco/coco2017/train2017/img154370.jpg,latentdiff/191/img001031.jpg
coco/coco2017/train2017/img093621.jpg,latentdiff-t2i/images/img001618.jpg
coco/coco2017/train2017/img110704.jpg,latentdiff/421/img003596.jpg
coco/coco2017/test2017/img038555.jpg,latentdiff/542/img004939.jpg
coco/coco2017/train2017/img077730.jpg,latentdiff-t2i/images/img002501.jpg
coco/coco2017/train2017/img156941.jpg,latentdiff-t2i/images/img004790.jpg
coco/coco2017/val2017/img159395.jpg,latentdiff-t2i/images/img002819.jpg
coco/coco2017/train2017/img072510.jpg,latentdiff-t2i/images/img004474.jpg
coco/coco2017/train2017/img057459.jpg,latentdiff/310/img002365.jpg
coco/coco2017/train2017/img126380.jpg,latentdiff-t2i/images/img004094.jpg
coco/coco2017/train2017/img087928.jpg,latentdiff-t2i/images/img002512.jpg
coco/coco2017/train2017/img154003.jpg,latentdiff/749/img007223.jpg
coco/coco2017/test2017/img003999.jpg,latentdiff/981/img009805.jpg
coco/coco2017/train2017/img151179.jpg,latentdiff/782/img007590.jpg
coco/coco2017/train2017/img099760.jpg,latentdiff/388/img003219.jpg
coco/coco2017/train2017/img083620.jpg,latentdiff/349/img002785.jpg
coco/coco2017/test2017/img023175.jpg,latentdiff-t2i/images/img007334.jpg
coco/coco2017/train2017/img099910.jpg,latentdiff-t2i/images/img009687.jpg
coco/coco2017/test2017/img038186.jpg,latentdiff/743/img007168.jpg
coco/coco2017/train2017/img075544.jpg,latentdiff/728/img006993.jpg
coco/coco2017/train2017/img147723.jpg,latentdiff-t2i/images/img009775.jpg
coco/coco2017/test2017/img029493.jpg,latentdiff/170/img000805.jpg
coco/coco2017/train2017/img058211.jpg,latentdiff/847/img008312.jpg
coco/coco2017/train2017/img062475.jpg,latentdiff/636/img005979.jpg
coco/coco2017/val2017/img162888.jpg,latentdiff/445/img003858.jpg
coco/coco2017/train2017/img129983.jpg,latentdiff/17/img000793.jpg
coco/coco2017/train2017/img154846.jpg,latentdiff-t2i/images/img000283.jpg
coco/coco2017/test2017/img012789.jpg,latentdiff-t2i/images/img003622.jpg
coco/coco2017/train2017/img093189.jpg,latentdiff/761/img007361.jpg
coco/coco2017/train2017/img101515.jpg,latentdiff/133/img000395.jpg
coco/coco2017/train2017/img089388.jpg,latentdiff/376/img003085.jpg
coco/coco2017/test2017/img024025.jpg,latentdiff/453/img003944.jpg
coco/coco2017/train2017/img093994.jpg,latentdiff/286/img002087.jpg
coco/coco2017/train2017/img063953.jpg,latentdiff-t2i/images/img004542.jpg
coco/coco2017/train2017/img156658.jpg,latentdiff-t2i/images/img008583.jpg
coco/coco2017/test2017/img002007.jpg,latentdiff-t2i/images/img001903.jpg
coco/coco2017/train2017/img150838.jpg,latentdiff/64/img006013.jpg
coco/coco2017/test2017/img037412.jpg,latentdiff-t2i/images/img006187.jpg
coco/coco2017/test2017/img003474.jpg,latentdiff/696/img006638.jpg
coco/coco2017/train2017/img058083.jpg,latentdiff-t2i/images/img006789.jpg
coco/coco2017/train2017/img068332.jpg,latentdiff-t2i/images/img003032.jpg
coco/coco2017/train2017/img097744.jpg,latentdiff/605/img005634.jpg
coco/coco2017/test2017/img035129.jpg,latentdiff-t2i/images/img002558.jpg
coco/coco2017/test2017/img040588.jpg,latentdiff-t2i/images/img001903.jpg
coco/coco2017/train2017/img101478.jpg,latentdiff-t2i/images/img007918.jpg
coco/coco2017/train2017/img146194.jpg,latentdiff/272/img001931.jpg
coco/coco2017/test2017/img038658.jpg,latentdiff/63/img005909.jpg
coco/coco2017/train2017/img046815.jpg,latentdiff/550/img005028.jpg
coco/coco2017/train2017/img051053.jpg,latentdiff/843/img008279.jpg
coco/coco2017/test2017/img037102.jpg,latentdiff-t2i/images/img007239.jpg
coco/coco2017/val2017/img159981.jpg,latentdiff-t2i/images/img008982.jpg
coco/coco2017/train2017/img149803.jpg,latentdiff/633/img005945.jpg
coco/coco2017/train2017/img119608.jpg,latentdiff/479/img004223.jpg
coco/coco2017/train2017/img056733.jpg,latentdiff-t2i/images/img001490.jpg
coco/coco2017/train2017/img148245.jpg,latentdiff-t2i/images/img005726.jpg
coco/coco2017/train2017/img065753.jpg,latentdiff/773/img007494.jpg
coco/coco2017/train2017/img050616.jpg,latentdiff/797/img007751.jpg
coco/coco2017/train2017/img092793.jpg,latentdiff-t2i/images/img000156.jpg
coco/coco2017/val2017/img159738.jpg,latentdiff-t2i/images/img002928.jpg
coco/coco2017/train2017/img132564.jpg,latentdiff/756/img007300.jpg
coco/coco2017/train2017/img065865.jpg,latentdiff-t2i/images/img000622.jpg
coco/coco2017/train2017/img052113.jpg,latentdiff/478/img004211.jpg
coco/coco2017/test2017/img004197.jpg,latentdiff/278/img001992.jpg
coco/coco2017/test2017/img018499.jpg,latentdiff-t2i/images/img006038.jpg
coco/coco2017/train2017/img142343.jpg,latentdiff-t2i/images/img006039.jpg
coco/coco2017/test2017/img027497.jpg,latentdiff/709/img006785.jpg
coco/coco2017/train2017/img123870.jpg,latentdiff/695/img006620.jpg
coco/coco2017/train2017/img097990.jpg,latentdiff/793/img007710.jpg
coco/coco2017/train2017/img085522.jpg,latentdiff/506/img004537.jpg
coco/coco2017/train2017/img072263.jpg,latentdiff-t2i/images/img007321.jpg
coco/coco2017/train2017/img049532.jpg,latentdiff-t2i/images/img006608.jpg
coco/coco2017/train2017/img095081.jpg,latentdiff/135/img000419.jpg
coco/coco2017/train2017/img078958.jpg,latentdiff-t2i/images/img003982.jpg
coco/coco2017/train2017/img094563.jpg,latentdiff/277/img001988.jpg
coco/coco2017/train2017/img126971.jpg,latentdiff/853/img008385.jpg
coco/coco2017/train2017/img119530.jpg,latentdiff/852/img008370.jpg
coco/coco2017/train2017/img118940.jpg,latentdiff/99/img009895.jpg
coco/coco2017/train2017/img099895.jpg,latentdiff-t2i/images/img009105.jpg
coco/coco2017/test2017/img006013.jpg,latentdiff/69/img006560.jpg
coco/coco2017/train2017/img120007.jpg,latentdiff-t2i/images/img009814.jpg
coco/coco2017/train2017/img155261.jpg,latentdiff-t2i/images/img003322.jpg
coco/coco2017/train2017/img079396.jpg,latentdiff/883/img008711.jpg
coco/coco2017/test2017/img017244.jpg,latentdiff/591/img005474.jpg
coco/coco2017/test2017/img013186.jpg,latentdiff-t2i/images/img009643.jpg
coco/coco2017/train2017/img110233.jpg,latentdiff/848/img008326.jpg
coco/coco2017/test2017/img039408.jpg,latentdiff-t2i/images/img004207.jpg
coco/coco2017/train2017/img085347.jpg,latentdiff/391/img003254.jpg
coco/coco2017/train2017/img124955.jpg,latentdiff-t2i/images/img008105.jpg
coco/coco2017/test2017/img023748.jpg,latentdiff/635/img005964.jpg
coco/coco2017/train2017/img122102.jpg,latentdiff/490/img004354.jpg
coco/coco2017/test2017/img036673.jpg,latentdiff/992/img009927.jpg
coco/coco2017/train2017/img138680.jpg,latentdiff/995/img009958.jpg
coco/coco2017/test2017/img038656.jpg,latentdiff-t2i/images/img002596.jpg
coco/coco2017/test2017/img022520.jpg,latentdiff-t2i/images/img000112.jpg
coco/coco2017/train2017/img130580.jpg,latentdiff-t2i/images/img009635.jpg
coco/coco2017/train2017/img066817.jpg,latentdiff/458/img003997.jpg
coco/coco2017/train2017/img140093.jpg,latentdiff-t2i/images/img004583.jpg
coco/coco2017/test2017/img040615.jpg,latentdiff-t2i/images/img000116.jpg
coco/coco2017/train2017/img113653.jpg,latentdiff-t2i/images/img005323.jpg
coco/coco2017/test2017/img031367.jpg,latentdiff/830/img008137.jpg
coco/coco2017/test2017/img006025.jpg,latentdiff-t2i/images/img002402.jpg
coco/coco2017/test2017/img005374.jpg,latentdiff/719/img006896.jpg
coco/coco2017/test2017/img005528.jpg,latentdiff/661/img006250.jpg
coco/coco2017/train2017/img132352.jpg,latentdiff-t2i/images/img005683.jpg
coco/coco2017/train2017/img093283.jpg,latentdiff-t2i/images/img000374.jpg
coco/coco2017/train2017/img056775.jpg,latentdiff-t2i/images/img008070.jpg
coco/coco2017/train2017/img130824.jpg,latentdiff/870/img008574.jpg
coco/coco2017/train2017/img104203.jpg,latentdiff-t2i/images/img008653.jpg
coco/coco2017/train2017/img063180.jpg,latentdiff-t2i/images/img002437.jpg
coco/coco2017/test2017/img040390.jpg,latentdiff/729/img007003.jpg
coco/coco2017/train2017/img135621.jpg,latentdiff-t2i/images/img007738.jpg
coco/coco2017/train2017/img149607.jpg,latentdiff/954/img009509.jpg
coco/coco2017/test2017/img008347.jpg,latentdiff-t2i/images/img009637.jpg
coco/coco2017/train2017/img073391.jpg,latentdiff/712/img006828.jpg
coco/coco2017/train2017/img119124.jpg,latentdiff/891/img008802.jpg
coco/coco2017/test2017/img033782.jpg,latentdiff-t2i/images/img008836.jpg
coco/coco2017/train2017/img129118.jpg,latentdiff/703/img006728.jpg
coco/coco2017/test2017/img036701.jpg,latentdiff-t2i/images/img002698.jpg
coco/coco2017/train2017/img060043.jpg,latentdiff-t2i/images/img008695.jpg
coco/coco2017/train2017/img097849.jpg,latentdiff-t2i/images/img004614.jpg
coco/coco2017/train2017/img047013.jpg,latentdiff-t2i/images/img001274.jpg
coco/coco2017/test2017/img016207.jpg,latentdiff-t2i/images/img004985.jpg
coco/coco2017/val2017/img163184.jpg,latentdiff-t2i/images/img004906.jpg
coco/coco2017/train2017/img123295.jpg,latentdiff-t2i/images/img000327.jpg
coco/coco2017/train2017/img123574.jpg,latentdiff-t2i/images/img003292.jpg
coco/coco2017/train2017/img133738.jpg,latentdiff-t2i/images/img006126.jpg
coco/coco2017/train2017/img049247.jpg,latentdiff-t2i/images/img002677.jpg
coco/coco2017/train2017/img064237.jpg,latentdiff-t2i/images/img003829.jpg
coco/coco2017/train2017/img141166.jpg,latentdiff/998/img009981.jpg
coco/coco2017/val2017/img161037.jpg,latentdiff-t2i/images/img006761.jpg
coco/coco2017/train2017/img119113.jpg,latentdiff-t2i/images/img006232.jpg
coco/coco2017/train2017/img111716.jpg,latentdiff-t2i/images/img009793.jpg
coco/coco2017/train2017/img147233.jpg,latentdiff/58/img005343.jpg
coco/coco2017/train2017/img123615.jpg,latentdiff-t2i/images/img004283.jpg
coco/coco2017/train2017/img139915.jpg,latentdiff-t2i/images/img003624.jpg
coco/coco2017/train2017/img094747.jpg,latentdiff-t2i/images/img006358.jpg
coco/coco2017/test2017/img017270.jpg,latentdiff/930/img009242.jpg
coco/coco2017/train2017/img093076.jpg,latentdiff-t2i/images/img009171.jpg
coco/coco2017/test2017/img009603.jpg,latentdiff-t2i/images/img005795.jpg
coco/coco2017/val2017/img161848.jpg,latentdiff/429/img003677.jpg
coco/coco2017/test2017/img016924.jpg,latentdiff-t2i/images/img008644.jpg
coco/coco2017/train2017/img129513.jpg,latentdiff/471/img004146.jpg
coco/coco2017/train2017/img066890.jpg,latentdiff-t2i/images/img006081.jpg
coco/coco2017/train2017/img050444.jpg,latentdiff-t2i/images/img002416.jpg
coco/coco2017/test2017/img025283.jpg,latentdiff/88/img008676.jpg
coco/coco2017/test2017/img034768.jpg,latentdiff-t2i/images/img002621.jpg
coco/coco2017/test2017/img024211.jpg,latentdiff-t2i/images/img004466.jpg
coco/coco2017/train2017/img095327.jpg,latentdiff/473/img004169.jpg
coco/coco2017/train2017/img078913.jpg,latentdiff-t2i/images/img002044.jpg
coco/coco2017/train2017/img043098.jpg,latentdiff/444/img003845.jpg
coco/coco2017/train2017/img144876.jpg,latentdiff-t2i/images/img004827.jpg
coco/coco2017/train2017/img092946.jpg,latentdiff/544/img004958.jpg
coco/coco2017/train2017/img139671.jpg,latentdiff-t2i/images/img003933.jpg
coco/coco2017/train2017/img104964.jpg,latentdiff-t2i/images/img003089.jpg
coco/coco2017/train2017/img061923.jpg,latentdiff/515/img004638.jpg
coco/coco2017/train2017/img074032.jpg,latentdiff/871/img008584.jpg
coco/coco2017/train2017/img088606.jpg,latentdiff-t2i/images/img002420.jpg
coco/coco2017/train2017/img113374.jpg,latentdiff/400/img003364.jpg
coco/coco2017/test2017/img015762.jpg,latentdiff/766/img007415.jpg
coco/coco2017/val2017/img159647.jpg,latentdiff/354/img002840.jpg
coco/coco2017/train2017/img108666.jpg,latentdiff/413/img003507.jpg
coco/coco2017/train2017/img074095.jpg,latentdiff-t2i/images/img009131.jpg
coco/coco2017/train2017/img069647.jpg,latentdiff/763/img007387.jpg
coco/coco2017/train2017/img142510.jpg,latentdiff-t2i/images/img001663.jpg
coco/coco2017/test2017/img019943.jpg,latentdiff/748/img007211.jpg
coco/coco2017/train2017/img049793.jpg,latentdiff-t2i/images/img001587.jpg
coco/coco2017/train2017/img128513.jpg,latentdiff-t2i/images/img000677.jpg
coco/coco2017/train2017/img069159.jpg,latentdiff-t2i/images/img002964.jpg
coco/coco2017/train2017/img107903.jpg,latentdiff/665/img006293.jpg
coco/coco2017/train2017/img133873.jpg,latentdiff/517/img004659.jpg
coco/coco2017/test2017/img002067.jpg,latentdiff/180/img000912.jpg
coco/coco2017/train2017/img110788.jpg,latentdiff-t2i/images/img007018.jpg
coco/coco2017/train2017/img149677.jpg,latentdiff/322/img002495.jpg
coco/coco2017/train2017/img071017.jpg,latentdiff-t2i/images/img004461.jpg
coco/coco2017/train2017/img056548.jpg,latentdiff-t2i/images/img002774.jpg
coco/coco2017/train2017/img113718.jpg,latentdiff-t2i/images/img001217.jpg
coco/coco2017/train2017/img084618.jpg,latentdiff-t2i/images/img006408.jpg
coco/coco2017/train2017/img068082.jpg,latentdiff/551/img005036.jpg
coco/coco2017/train2017/img118654.jpg,latentdiff/949/img009443.jpg
coco/coco2017/train2017/img090874.jpg,latentdiff-t2i/images/img008974.jpg
coco/coco2017/train2017/img045247.jpg,latentdiff/97/img009677.jpg
coco/coco2017/test2017/img017554.jpg,latentdiff-t2i/images/img009953.jpg
coco/coco2017/test2017/img038011.jpg,latentdiff/50/img004466.jpg
coco/coco2017/test2017/img002023.jpg,latentdiff/655/img006180.jpg
coco/coco2017/train2017/img084366.jpg,latentdiff-t2i/images/img007401.jpg
coco/coco2017/test2017/img015645.jpg,latentdiff-t2i/images/img009988.jpg
coco/coco2017/train2017/img070220.jpg,latentdiff/267/img001875.jpg
coco/coco2017/train2017/img088924.jpg,latentdiff-t2i/images/img009132.jpg
coco/coco2017/train2017/img109478.jpg,latentdiff-t2i/images/img005617.jpg
coco/coco2017/train2017/img125853.jpg,latentdiff-t2i/images/img009975.jpg
coco/coco2017/train2017/img148903.jpg,latentdiff-t2i/images/img000982.jpg
coco/coco2017/train2017/img043648.jpg,latentdiff/112/img000164.jpg
coco/coco2017/train2017/img127093.jpg,latentdiff/993/img009936.jpg
coco/coco2017/train2017/img101683.jpg,latentdiff/885/img008731.jpg
coco/coco2017/train2017/img140520.jpg,latentdiff-t2i/images/img007220.jpg
coco/coco2017/test2017/img004754.jpg,latentdiff/767/img007425.jpg
coco/coco2017/train2017/img065853.jpg,latentdiff-t2i/images/img009912.jpg
coco/coco2017/train2017/img146020.jpg,latentdiff-t2i/images/img006137.jpg
coco/coco2017/train2017/img114692.jpg,latentdiff/725/img006966.jpg
coco/coco2017/train2017/img075523.jpg,latentdiff-t2i/images/img004463.jpg
coco/coco2017/test2017/img006973.jpg,latentdiff/680/img006464.jpg
coco/coco2017/test2017/img035926.jpg,latentdiff-t2i/images/img004458.jpg
coco/coco2017/train2017/img044528.jpg,latentdiff-t2i/images/img003747.jpg
coco/coco2017/test2017/img002569.jpg,latentdiff-t2i/images/img003760.jpg
coco/coco2017/train2017/img082411.jpg,latentdiff/962/img009590.jpg
coco/coco2017/test2017/img023610.jpg,latentdiff-t2i/images/img002869.jpg
coco/coco2017/test2017/img011031.jpg,latentdiff/709/img006785.jpg
coco/coco2017/train2017/img131719.jpg,latentdiff-t2i/images/img001121.jpg
coco/coco2017/train2017/img044087.jpg,latentdiff-t2i/images/img002929.jpg
coco/coco2017/train2017/img101132.jpg,latentdiff/522/img004716.jpg
coco/coco2017/train2017/img041460.jpg,latentdiff/626/img005869.jpg
coco/coco2017/train2017/img142834.jpg,latentdiff-t2i/images/img009250.jpg
coco/coco2017/train2017/img069856.jpg,latentdiff/712/img006828.jpg
coco/coco2017/train2017/img117981.jpg,latentdiff-t2i/images/img008242.jpg
coco/coco2017/train2017/img148579.jpg,latentdiff/631/img005928.jpg
coco/coco2017/test2017/img031928.jpg,latentdiff/93/img009230.jpg
coco/coco2017/train2017/img134114.jpg,latentdiff/465/img004071.jpg
coco/coco2017/train2017/img111523.jpg,latentdiff/165/img000749.jpg
coco/coco2017/train2017/img106696.jpg,latentdiff/363/img002941.jpg
coco/coco2017/train2017/img122381.jpg,latentdiff/406/img003423.jpg
coco/coco2017/train2017/img136366.jpg,latentdiff/589/img005443.jpg
coco/coco2017/test2017/img034042.jpg,latentdiff-t2i/images/img002336.jpg
coco/coco2017/train2017/img137536.jpg,latentdiff-t2i/images/img004344.jpg
coco/coco2017/train2017/img089200.jpg,latentdiff-t2i/images/img001709.jpg
coco/coco2017/test2017/img003986.jpg,latentdiff-t2i/images/img003970.jpg
coco/coco2017/train2017/img153899.jpg,latentdiff/394/img003286.jpg
coco/coco2017/train2017/img043170.jpg,latentdiff-t2i/images/img007429.jpg
coco/coco2017/train2017/img045150.jpg,latentdiff/901/img008926.jpg
coco/coco2017/train2017/img122075.jpg,latentdiff/124/img000297.jpg
coco/coco2017/val2017/img162073.jpg,latentdiff/723/img006942.jpg
coco/coco2017/train2017/img094856.jpg,latentdiff/258/img001777.jpg
coco/coco2017/train2017/img068374.jpg,latentdiff-t2i/images/img002341.jpg
coco/coco2017/test2017/img036274.jpg,latentdiff/456/img003974.jpg
coco/coco2017/train2017/img063159.jpg,latentdiff-t2i/images/img007293.jpg
coco/coco2017/train2017/img123386.jpg,latentdiff/731/img007034.jpg
coco/coco2017/test2017/img002669.jpg,latentdiff-t2i/images/img004617.jpg
coco/coco2017/val2017/img163679.jpg,latentdiff-t2i/images/img008555.jpg
coco/coco2017/test2017/img026216.jpg,latentdiff/705/img006744.jpg
coco/coco2017/train2017/img152393.jpg,latentdiff-t2i/images/img005977.jpg
coco/coco2017/test2017/img014282.jpg,latentdiff-t2i/images/img009677.jpg
coco/coco2017/train2017/img113347.jpg,latentdiff/707/img006760.jpg
coco/coco2017/test2017/img003117.jpg,latentdiff-t2i/images/img006036.jpg
coco/coco2017/test2017/img015078.jpg,latentdiff-t2i/images/img009159.jpg
coco/coco2017/train2017/img083846.jpg,latentdiff/300/img002251.jpg
coco/coco2017/test2017/img039443.jpg,latentdiff/492/img004370.jpg
coco/coco2017/train2017/img051247.jpg,latentdiff-t2i/images/img000573.jpg
coco/coco2017/train2017/img133947.jpg,latentdiff-t2i/images/img002614.jpg
coco/coco2017/test2017/img000751.jpg,latentdiff-t2i/images/img001209.jpg
coco/coco2017/train2017/img079265.jpg,latentdiff/681/img006471.jpg
coco/coco2017/test2017/img001485.jpg,latentdiff/855/img008404.jpg
coco/coco2017/train2017/img114999.jpg,latentdiff/719/img006899.jpg
coco/coco2017/train2017/img136524.jpg,latentdiff-t2i/images/img003777.jpg
coco/coco2017/train2017/img109479.jpg,latentdiff/899/img008886.jpg
coco/coco2017/train2017/img080466.jpg,latentdiff/649/img006111.jpg
coco/coco2017/train2017/img062291.jpg,latentdiff-t2i/images/img002690.jpg
coco/coco2017/test2017/img034386.jpg,latentdiff/518/img004660.jpg
coco/coco2017/train2017/img103790.jpg,latentdiff-t2i/images/img004352.jpg
coco/coco2017/train2017/img071126.jpg,latentdiff-t2i/images/img004091.jpg
coco/coco2017/train2017/img084839.jpg,latentdiff-t2i/images/img009066.jpg
coco/coco2017/test2017/img038478.jpg,latentdiff/895/img008841.jpg
coco/coco2017/test2017/img025612.jpg,latentdiff/796/img007742.jpg
coco/coco2017/test2017/img019681.jpg,latentdiff/637/img005983.jpg
coco/coco2017/train2017/img140691.jpg,latentdiff-t2i/images/img007742.jpg
coco/coco2017/train2017/img146770.jpg,latentdiff/916/img009082.jpg
coco/coco2017/train2017/img153350.jpg,latentdiff-t2i/images/img008408.jpg
coco/coco2017/test2017/img011178.jpg,latentdiff-t2i/images/img002086.jpg
coco/coco2017/train2017/img146213.jpg,latentdiff-t2i/images/img009040.jpg
coco/coco2017/test2017/img005452.jpg,latentdiff-t2i/images/img008330.jpg
coco/coco2017/train2017/img157322.jpg,latentdiff/940/img009351.jpg
coco/coco2017/train2017/img087875.jpg,latentdiff-t2i/images/img000669.jpg
coco/coco2017/test2017/img025305.jpg,latentdiff/261/img001816.jpg
coco/coco2017/test2017/img013977.jpg,latentdiff/282/img002048.jpg
coco/coco2017/train2017/img125189.jpg,latentdiff-t2i/images/img002121.jpg
coco/coco2017/train2017/img056660.jpg,latentdiff-t2i/images/img005662.jpg
coco/coco2017/train2017/img046288.jpg,latentdiff/241/img001598.jpg
coco/coco2017/train2017/img156244.jpg,latentdiff-t2i/images/img000332.jpg
coco/coco2017/train2017/img158921.jpg,latentdiff/320/img002473.jpg
coco/coco2017/train2017/img049423.jpg,latentdiff-t2i/images/img007924.jpg
coco/coco2017/train2017/img059624.jpg,latentdiff-t2i/images/img001726.jpg
coco/coco2017/train2017/img048044.jpg,latentdiff-t2i/images/img006515.jpg
coco/coco2017/train2017/img100459.jpg,latentdiff-t2i/images/img002964.jpg
coco/coco2017/train2017/img158763.jpg,latentdiff/158/img000662.jpg
coco/coco2017/train2017/img105741.jpg,latentdiff/108/img000115.jpg
coco/coco2017/train2017/img095477.jpg,latentdiff/968/img009654.jpg
coco/coco2017/train2017/img127848.jpg,latentdiff-t2i/images/img005297.jpg
coco/coco2017/train2017/img093878.jpg,latentdiff-t2i/images/img008994.jpg
coco/coco2017/train2017/img107619.jpg,latentdiff/856/img008415.jpg
coco/coco2017/train2017/img087483.jpg,latentdiff-t2i/images/img006193.jpg
coco/coco2017/train2017/img158249.jpg,latentdiff/222/img001383.jpg
coco/coco2017/test2017/img032470.jpg,latentdiff/103/img000061.jpg
coco/coco2017/test2017/img007529.jpg,latentdiff-t2i/images/img006088.jpg
coco/coco2017/train2017/img057872.jpg,latentdiff/755/img007295.jpg
coco/coco2017/train2017/img098369.jpg,latentdiff/792/img007703.jpg
coco/coco2017/train2017/img054550.jpg,latentdiff/132/img000383.jpg
coco/coco2017/train2017/img151995.jpg,latentdiff-t2i/images/img008029.jpg
coco/coco2017/test2017/img013817.jpg,latentdiff-t2i/images/img002490.jpg
coco/coco2017/train2017/img041795.jpg,latentdiff-t2i/images/img001992.jpg
coco/coco2017/test2017/img022590.jpg,latentdiff/309/img002342.jpg
coco/coco2017/test2017/img032688.jpg,latentdiff-t2i/images/img004079.jpg
coco/coco2017/train2017/img047820.jpg,latentdiff/330/img002581.jpg
coco/coco2017/test2017/img014977.jpg,latentdiff-t2i/images/img009703.jpg
coco/coco2017/train2017/img113511.jpg,latentdiff-t2i/images/img009534.jpg
coco/coco2017/train2017/img082022.jpg,latentdiff/460/img004026.jpg
coco/coco2017/test2017/img033554.jpg,latentdiff-t2i/images/img000820.jpg
coco/coco2017/train2017/img134349.jpg,latentdiff/887/img008750.jpg
coco/coco2017/test2017/img018518.jpg,latentdiff/241/img001595.jpg
coco/coco2017/train2017/img077809.jpg,latentdiff-t2i/images/img007290.jpg
coco/coco2017/train2017/img071609.jpg,latentdiff/146/img000531.jpg
coco/coco2017/train2017/img049282.jpg,latentdiff-t2i/images/img001825.jpg
coco/coco2017/test2017/img012643.jpg,latentdiff/552/img005043.jpg
coco/coco2017/test2017/img026166.jpg,latentdiff/852/img008370.jpg
coco/coco2017/train2017/img041294.jpg,latentdiff/878/img008652.jpg
coco/coco2017/test2017/img038960.jpg,latentdiff-t2i/images/img009585.jpg
coco/coco2017/test2017/img016160.jpg,latentdiff-t2i/images/img000059.jpg
coco/coco2017/train2017/img115831.jpg,latentdiff/744/img007170.jpg
coco/coco2017/train2017/img117168.jpg,latentdiff/269/img001893.jpg
coco/coco2017/train2017/img120007.jpg,latentdiff/468/img004108.jpg
coco/coco2017/train2017/img084698.jpg,latentdiff/850/img008359.jpg
coco/coco2017/train2017/img056333.jpg,latentdiff/188/img000995.jpg
coco/coco2017/train2017/img067339.jpg,latentdiff/499/img004440.jpg
coco/coco2017/train2017/img137886.jpg,latentdiff/319/img002458.jpg
coco/coco2017/train2017/img056415.jpg,latentdiff/475/img004183.jpg
coco/coco2017/test2017/img016986.jpg,latentdiff/570/img005244.jpg
coco/coco2017/train2017/img063440.jpg,latentdiff/955/img009517.jpg
coco/coco2017/train2017/img043796.jpg,latentdiff-t2i/images/img005248.jpg
coco/coco2017/train2017/img115811.jpg,latentdiff/74/img007129.jpg
coco/coco2017/test2017/img004173.jpg,latentdiff-t2i/images/img002845.jpg
coco/coco2017/train2017/img081784.jpg,latentdiff-t2i/images/img000981.jpg
coco/coco2017/train2017/img095816.jpg,latentdiff/981/img009809.jpg
coco/coco2017/train2017/img140368.jpg,latentdiff/536/img004865.jpg
coco/coco2017/train2017/img124211.jpg,latentdiff-t2i/images/img002549.jpg
coco/coco2017/train2017/img070390.jpg,latentdiff-t2i/images/img000145.jpg
coco/coco2017/train2017/img068038.jpg,latentdiff/712/img006824.jpg
coco/coco2017/train2017/img093541.jpg,latentdiff-t2i/images/img009758.jpg
coco/coco2017/train2017/img148805.jpg,latentdiff-t2i/images/img007537.jpg
coco/coco2017/train2017/img121522.jpg,latentdiff/204/img001187.jpg
coco/coco2017/train2017/img056022.jpg,latentdiff-t2i/images/img009787.jpg
coco/coco2017/train2017/img137787.jpg,latentdiff-t2i/images/img001965.jpg
coco/coco2017/train2017/img110853.jpg,latentdiff/132/img000385.jpg
coco/coco2017/test2017/img023648.jpg,latentdiff/530/img004806.jpg
coco/coco2017/test2017/img018673.jpg,latentdiff/120/img000257.jpg
coco/coco2017/train2017/img114524.jpg,latentdiff/915/img009077.jpg
coco/coco2017/test2017/img005244.jpg,latentdiff-t2i/images/img001163.jpg
coco/coco2017/test2017/img012804.jpg,latentdiff/858/img008439.jpg
coco/coco2017/train2017/img054786.jpg,latentdiff/445/img003851.jpg
coco/coco2017/train2017/img050668.jpg,latentdiff/248/img001661.jpg
coco/coco2017/train2017/img117049.jpg,latentdiff-t2i/images/img008038.jpg
coco/coco2017/val2017/img160849.jpg,latentdiff-t2i/images/img006257.jpg
coco/coco2017/train2017/img046791.jpg,latentdiff-t2i/images/img005550.jpg
coco/coco2017/test2017/img037390.jpg,latentdiff-t2i/images/img000463.jpg
coco/coco2017/train2017/img088066.jpg,latentdiff/614/img005739.jpg
coco/coco2017/train2017/img125883.jpg,latentdiff-t2i/images/img005932.jpg
coco/coco2017/train2017/img125767.jpg,latentdiff/538/img004888.jpg
coco/coco2017/test2017/img016873.jpg,latentdiff/235/img001525.jpg
coco/coco2017/test2017/img031965.jpg,latentdiff/269/img001894.jpg
coco/coco2017/train2017/img043381.jpg,latentdiff/942/img009376.jpg
coco/coco2017/train2017/img130000.jpg,latentdiff/991/img009914.jpg
coco/coco2017/train2017/img097136.jpg,latentdiff-t2i/images/img007609.jpg
coco/coco2017/test2017/img023311.jpg,latentdiff-t2i/images/img007609.jpg
coco/coco2017/test2017/img007075.jpg,latentdiff-t2i/images/img003924.jpg
coco/coco2017/train2017/img064691.jpg,latentdiff-t2i/images/img004940.jpg
coco/coco2017/test2017/img005875.jpg,latentdiff-t2i/images/img000705.jpg
coco/coco2017/train2017/img154969.jpg,latentdiff/668/img006328.jpg
coco/coco2017/train2017/img139958.jpg,latentdiff/899/img008885.jpg
coco/coco2017/train2017/img125875.jpg,latentdiff/377/img003099.jpg
coco/coco2017/train2017/img100788.jpg,latentdiff/421/img003590.jpg
coco/coco2017/train2017/img048196.jpg,latentdiff/868/img008547.jpg
coco/coco2017/val2017/img160916.jpg,latentdiff-t2i/images/img008593.jpg
coco/coco2017/train2017/img132031.jpg,latentdiff/227/img001432.jpg
coco/coco2017/train2017/img105444.jpg,latentdiff/205/img001194.jpg
coco/coco2017/train2017/img133614.jpg,latentdiff-t2i/images/img003633.jpg
coco/coco2017/train2017/img076283.jpg,latentdiff/413/img003509.jpg
coco/coco2017/test2017/img039514.jpg,latentdiff/979/img009777.jpg
coco/coco2017/train2017/img090603.jpg,latentdiff/984/img009834.jpg
coco/coco2017/train2017/img151329.jpg,latentdiff-t2i/images/img000913.jpg
coco/coco2017/train2017/img046057.jpg,latentdiff-t2i/images/img008613.jpg
coco/coco2017/test2017/img026839.jpg,latentdiff-t2i/images/img007394.jpg
coco/coco2017/train2017/img109504.jpg,latentdiff/517/img004656.jpg
coco/coco2017/test2017/img008367.jpg,latentdiff/388/img003215.jpg
coco/coco2017/test2017/img002177.jpg,latentdiff/440/img003800.jpg
coco/coco2017/train2017/img137957.jpg,latentdiff/770/img007468.jpg
coco/coco2017/val2017/img160795.jpg,latentdiff-t2i/images/img008075.jpg
coco/coco2017/train2017/img083887.jpg,latentdiff/218/img001334.jpg
coco/coco2017/train2017/img071393.jpg,latentdiff-t2i/images/img008334.jpg
coco/coco2017/train2017/img142267.jpg,latentdiff-t2i/images/img005005.jpg
coco/coco2017/train2017/img131883.jpg,latentdiff-t2i/images/img005345.jpg
coco/coco2017/train2017/img046258.jpg,latentdiff/571/img005253.jpg
coco/coco2017/test2017/img005447.jpg,latentdiff/541/img004920.jpg
coco/coco2017/test2017/img037346.jpg,latentdiff-t2i/images/img006017.jpg
coco/coco2017/train2017/img042099.jpg,latentdiff/764/img007395.jpg
coco/coco2017/train2017/img157563.jpg,latentdiff/432/img003712.jpg
coco/coco2017/train2017/img072561.jpg,latentdiff/797/img007756.jpg
coco/coco2017/train2017/img063184.jpg,latentdiff-t2i/images/img003479.jpg
coco/coco2017/train2017/img084647.jpg,latentdiff/691/img006580.jpg
coco/coco2017/test2017/img030189.jpg,latentdiff/698/img006654.jpg
coco/coco2017/train2017/img048193.jpg,latentdiff-t2i/images/img002937.jpg
coco/coco2017/train2017/img051832.jpg,latentdiff-t2i/images/img000767.jpg
coco/coco2017/train2017/img103871.jpg,latentdiff/112/img000160.jpg
coco/coco2017/train2017/img145738.jpg,latentdiff/724/img006955.jpg
coco/coco2017/train2017/img093697.jpg,latentdiff/746/img007190.jpg
coco/coco2017/test2017/img013190.jpg,latentdiff/276/img001972.jpg
coco/coco2017/train2017/img058365.jpg,latentdiff-t2i/images/img002373.jpg
coco/coco2017/train2017/img085139.jpg,latentdiff-t2i/images/img009173.jpg
coco/coco2017/test2017/img004446.jpg,latentdiff-t2i/images/img005725.jpg
coco/coco2017/train2017/img103015.jpg,latentdiff-t2i/images/img003258.jpg
coco/coco2017/train2017/img048876.jpg,latentdiff-t2i/images/img006514.jpg
coco/coco2017/train2017/img041105.jpg,latentdiff/23/img001469.jpg
coco/coco2017/train2017/img132543.jpg,latentdiff/792/img007708.jpg
coco/coco2017/test2017/img012963.jpg,latentdiff-t2i/images/img003191.jpg
coco/coco2017/train2017/img153812.jpg,latentdiff/30/img002244.jpg
coco/coco2017/test2017/img038340.jpg,latentdiff/673/img006388.jpg
coco/coco2017/val2017/img161307.jpg,latentdiff/925/img009182.jpg
coco/coco2017/train2017/img121305.jpg,latentdiff-t2i/images/img009917.jpg
coco/coco2017/train2017/img092752.jpg,latentdiff-t2i/images/img003494.jpg
coco/coco2017/train2017/img116886.jpg,latentdiff-t2i/images/img009917.jpg
coco/coco2017/test2017/img000389.jpg,latentdiff-t2i/images/img005597.jpg
coco/coco2017/train2017/img145517.jpg,latentdiff/354/img002840.jpg
coco/coco2017/train2017/img148525.jpg,latentdiff/873/img008606.jpg
coco/coco2017/train2017/img074221.jpg,latentdiff-t2i/images/img007803.jpg
coco/coco2017/train2017/img073141.jpg,latentdiff-t2i/images/img002727.jpg
coco/coco2017/train2017/img154406.jpg,latentdiff/434/img003736.jpg
coco/coco2017/train2017/img042244.jpg,latentdiff-t2i/images/img004332.jpg
coco/coco2017/train2017/img111908.jpg,latentdiff-t2i/images/img007350.jpg
coco/coco2017/train2017/img082720.jpg,latentdiff-t2i/images/img006441.jpg
coco/coco2017/train2017/img055839.jpg,latentdiff/90/img008907.jpg
coco/coco2017/train2017/img144816.jpg,latentdiff/566/img005193.jpg
coco/coco2017/train2017/img111400.jpg,latentdiff-t2i/images/img005428.jpg
coco/coco2017/train2017/img080692.jpg,latentdiff/226/img001422.jpg
coco/coco2017/test2017/img007565.jpg,latentdiff-t2i/images/img005394.jpg
coco/coco2017/train2017/img057401.jpg,latentdiff/134/img000401.jpg
coco/coco2017/test2017/img022712.jpg,latentdiff/120/img000256.jpg
coco/coco2017/test2017/img033990.jpg,latentdiff-t2i/images/img008660.jpg
coco/coco2017/train2017/img110010.jpg,latentdiff/10/img000020.jpg
coco/coco2017/train2017/img101986.jpg,latentdiff-t2i/images/img007427.jpg
coco/coco2017/train2017/img093703.jpg,latentdiff-t2i/images/img004848.jpg
coco/coco2017/train2017/img084029.jpg,latentdiff/480/img004243.jpg
coco/coco2017/train2017/img143442.jpg,latentdiff-t2i/images/img005895.jpg
coco/coco2017/train2017/img091099.jpg,latentdiff-t2i/images/img004562.jpg
coco/coco2017/train2017/img122236.jpg,latentdiff/299/img002225.jpg
coco/coco2017/train2017/img089724.jpg,latentdiff/19/img001013.jpg
coco/coco2017/test2017/img011321.jpg,latentdiff/37/img003013.jpg
coco/coco2017/train2017/img156821.jpg,latentdiff/183/img000949.jpg
coco/coco2017/test2017/img030070.jpg,latentdiff/650/img006135.jpg
coco/coco2017/test2017/img036965.jpg,latentdiff/248/img001663.jpg
coco/coco2017/train2017/img139091.jpg,latentdiff-t2i/images/img006533.jpg
coco/coco2017/test2017/img007606.jpg,latentdiff-t2i/images/img008271.jpg
coco/coco2017/train2017/img149862.jpg,latentdiff/690/img006576.jpg
coco/coco2017/test2017/img015202.jpg,latentdiff-t2i/images/img006012.jpg
coco/coco2017/train2017/img071076.jpg,latentdiff-t2i/images/img000631.jpg
coco/coco2017/train2017/img158547.jpg,latentdiff-t2i/images/img009929.jpg
coco/coco2017/train2017/img074134.jpg,latentdiff/629/img005890.jpg
coco/coco2017/train2017/img109616.jpg,latentdiff/524/img004732.jpg
coco/coco2017/train2017/img041668.jpg,latentdiff/103/img000063.jpg
coco/coco2017/train2017/img109902.jpg,latentdiff-t2i/images/img005850.jpg
coco/coco2017/train2017/img151610.jpg,latentdiff/234/img001517.jpg
coco/coco2017/test2017/img038417.jpg,latentdiff/198/img001100.jpg
coco/coco2017/train2017/img068826.jpg,latentdiff/414/img003512.jpg
coco/coco2017/test2017/img019491.jpg,latentdiff-t2i/images/img004605.jpg
coco/coco2017/test2017/img011749.jpg,latentdiff-t2i/images/img002923.jpg
coco/coco2017/train2017/img060484.jpg,latentdiff/616/img005755.jpg
coco/coco2017/train2017/img137922.jpg,latentdiff/727/img006985.jpg
coco/coco2017/train2017/img156753.jpg,latentdiff/918/img009106.jpg
coco/coco2017/test2017/img025784.jpg,latentdiff/645/img006078.jpg
coco/coco2017/train2017/img103325.jpg,latentdiff/897/img008867.jpg
coco/coco2017/test2017/img028502.jpg,latentdiff/723/img006944.jpg
coco/coco2017/train2017/img043538.jpg,latentdiff-t2i/images/img008884.jpg
coco/coco2017/test2017/img013814.jpg,latentdiff-t2i/images/img008337.jpg
coco/coco2017/test2017/img011318.jpg,latentdiff-t2i/images/img001931.jpg
coco/coco2017/test2017/img026405.jpg,latentdiff-t2i/images/img004931.jpg
coco/coco2017/train2017/img047356.jpg,latentdiff-t2i/images/img004744.jpg
coco/coco2017/val2017/img160239.jpg,latentdiff-t2i/images/img008723.jpg
coco/coco2017/train2017/img060407.jpg,latentdiff/344/img002739.jpg
coco/coco2017/train2017/img113069.jpg,latentdiff/773/img007494.jpg
coco/coco2017/train2017/img107540.jpg,latentdiff-t2i/images/img001309.jpg
coco/coco2017/train2017/img088963.jpg,latentdiff-t2i/images/img005915.jpg
coco/coco2017/train2017/img116550.jpg,latentdiff-t2i/images/img005015.jpg
coco/coco2017/train2017/img062279.jpg,latentdiff-t2i/images/img001557.jpg
coco/coco2017/train2017/img111109.jpg,latentdiff/526/img004756.jpg
coco/coco2017/train2017/img059686.jpg,latentdiff-t2i/images/img009649.jpg
coco/coco2017/test2017/img016233.jpg,latentdiff-t2i/images/img007036.jpg
coco/coco2017/train2017/img112869.jpg,latentdiff/315/img002418.jpg
coco/coco2017/train2017/img138429.jpg,latentdiff-t2i/images/img001802.jpg
coco/coco2017/test2017/img016329.jpg,latentdiff/488/img004326.jpg
coco/coco2017/test2017/img039092.jpg,latentdiff-t2i/images/img005492.jpg
coco/coco2017/test2017/img017629.jpg,latentdiff-t2i/images/img005353.jpg
coco/coco2017/train2017/img133552.jpg,latentdiff/624/img005842.jpg
coco/coco2017/test2017/img039935.jpg,latentdiff/97/img009671.jpg
coco/coco2017/test2017/img028752.jpg,latentdiff/496/img004412.jpg
coco/coco2017/train2017/img134652.jpg,latentdiff-t2i/images/img009882.jpg
coco/coco2017/train2017/img100823.jpg,latentdiff-t2i/images/img007405.jpg
coco/coco2017/train2017/img054225.jpg,latentdiff-t2i/images/img004942.jpg
coco/coco2017/test2017/img011354.jpg,latentdiff-t2i/images/img007552.jpg
coco/coco2017/train2017/img051294.jpg,latentdiff/912/img009046.jpg
coco/coco2017/train2017/img045610.jpg,latentdiff-t2i/images/img006566.jpg
coco/coco2017/train2017/img092579.jpg,latentdiff/228/img001449.jpg
coco/coco2017/train2017/img083058.jpg,latentdiff-t2i/images/img002479.jpg
coco/coco2017/train2017/img083670.jpg,latentdiff-t2i/images/img002064.jpg
coco/coco2017/train2017/img095156.jpg,latentdiff-t2i/images/img005153.jpg
coco/coco2017/test2017/img030399.jpg,latentdiff/349/img002783.jpg
coco/coco2017/train2017/img061503.jpg,latentdiff-t2i/images/img009130.jpg
coco/coco2017/test2017/img036077.jpg,latentdiff-t2i/images/img007416.jpg
coco/coco2017/train2017/img072740.jpg,latentdiff/979/img009775.jpg
coco/coco2017/train2017/img122007.jpg,latentdiff-t2i/images/img008666.jpg
coco/coco2017/test2017/img014007.jpg,latentdiff/874/img008616.jpg
coco/coco2017/train2017/img095980.jpg,latentdiff/185/img000967.jpg
coco/coco2017/train2017/img098678.jpg,latentdiff-t2i/images/img008185.jpg
coco/coco2017/train2017/img109884.jpg,latentdiff/538/img004883.jpg
coco/coco2017/train2017/img109160.jpg,latentdiff/905/img008968.jpg
coco/coco2017/train2017/img058875.jpg,latentdiff-t2i/images/img007236.jpg
coco/coco2017/train2017/img140716.jpg,latentdiff/614/img005731.jpg
coco/coco2017/train2017/img144709.jpg,latentdiff/698/img006654.jpg
coco/coco2017/train2017/img044065.jpg,latentdiff/852/img008376.jpg
coco/coco2017/test2017/img040456.jpg,latentdiff/179/img000896.jpg
coco/coco2017/train2017/img136401.jpg,latentdiff/866/img008523.jpg
coco/coco2017/train2017/img103200.jpg,latentdiff-t2i/images/img008882.jpg
coco/coco2017/train2017/img046838.jpg,latentdiff-t2i/images/img004559.jpg
coco/coco2017/test2017/img012675.jpg,latentdiff/564/img005172.jpg
coco/coco2017/train2017/img077413.jpg,latentdiff-t2i/images/img004784.jpg
coco/coco2017/train2017/img046309.jpg,latentdiff/709/img006784.jpg
coco/coco2017/train2017/img146921.jpg,latentdiff-t2i/images/img006948.jpg
coco/coco2017/train2017/img153324.jpg,latentdiff-t2i/images/img001375.jpg
coco/coco2017/test2017/img011123.jpg,latentdiff/821/img008031.jpg
coco/coco2017/train2017/img122188.jpg,latentdiff-t2i/images/img005370.jpg
coco/coco2017/test2017/img008203.jpg,latentdiff-t2i/images/img003830.jpg
coco/coco2017/train2017/img135067.jpg,latentdiff/729/img007001.jpg
coco/coco2017/train2017/img107940.jpg,latentdiff-t2i/images/img006495.jpg
coco/coco2017/train2017/img120544.jpg,latentdiff/252/img001716.jpg
coco/coco2017/train2017/img041448.jpg,latentdiff-t2i/images/img000739.jpg
coco/coco2017/train2017/img090041.jpg,latentdiff/861/img008478.jpg
coco/coco2017/val2017/img161025.jpg,latentdiff-t2i/images/img009805.jpg
coco/coco2017/train2017/img051515.jpg,latentdiff-t2i/images/img001525.jpg
coco/coco2017/train2017/img063134.jpg,latentdiff-t2i/images/img002397.jpg
coco/coco2017/train2017/img123355.jpg,latentdiff/228/img001441.jpg
coco/coco2017/test2017/img014315.jpg,latentdiff/930/img009243.jpg
coco/coco2017/train2017/img113863.jpg,latentdiff/619/img005783.jpg
coco/coco2017/test2017/img005162.jpg,latentdiff-t2i/images/img003869.jpg
coco/coco2017/test2017/img022440.jpg,latentdiff-t2i/images/img005333.jpg
coco/coco2017/train2017/img105978.jpg,latentdiff/558/img005107.jpg
coco/coco2017/train2017/img121823.jpg,latentdiff-t2i/images/img009393.jpg
coco/coco2017/train2017/img130927.jpg,latentdiff/33/img002577.jpg
coco/coco2017/train2017/img070942.jpg,latentdiff-t2i/images/img009919.jpg
coco/coco2017/test2017/img020292.jpg,latentdiff/226/img001425.jpg
coco/coco2017/test2017/img005012.jpg,latentdiff-t2i/images/img001982.jpg
coco/coco2017/train2017/img099266.jpg,latentdiff-t2i/images/img007224.jpg
coco/coco2017/train2017/img080167.jpg,latentdiff-t2i/images/img002762.jpg
coco/coco2017/train2017/img051046.jpg,latentdiff/709/img006782.jpg
coco/coco2017/train2017/img088847.jpg,latentdiff-t2i/images/img009939.jpg
coco/coco2017/train2017/img059875.jpg,latentdiff/460/img004024.jpg
coco/coco2017/train2017/img060960.jpg,latentdiff-t2i/images/img006210.jpg
coco/coco2017/train2017/img153914.jpg,latentdiff/238/img001557.jpg
coco/coco2017/train2017/img101551.jpg,latentdiff-t2i/images/img002801.jpg
coco/coco2017/train2017/img059249.jpg,latentdiff-t2i/images/img004568.jpg
coco/coco2017/test2017/img021312.jpg,latentdiff/735/img007078.jpg
coco/coco2017/test2017/img008403.jpg,latentdiff/760/img007354.jpg
coco/coco2017/train2017/img046479.jpg,latentdiff/21/img001246.jpg
coco/coco2017/test2017/img034923.jpg,latentdiff-t2i/images/img005298.jpg
coco/coco2017/train2017/img058998.jpg,latentdiff/49/img004348.jpg
coco/coco2017/test2017/img002838.jpg,latentdiff-t2i/images/img008597.jpg
coco/coco2017/train2017/img042325.jpg,latentdiff-t2i/images/img006470.jpg
coco/coco2017/train2017/img128931.jpg,latentdiff-t2i/images/img001553.jpg
coco/coco2017/train2017/img148552.jpg,latentdiff-t2i/images/img009905.jpg
coco/coco2017/test2017/img013156.jpg,latentdiff-t2i/images/img000235.jpg
coco/coco2017/train2017/img125138.jpg,latentdiff/708/img006776.jpg
coco/coco2017/train2017/img093963.jpg,latentdiff/96/img009568.jpg
coco/coco2017/test2017/img040516.jpg,latentdiff/179/img000899.jpg
coco/coco2017/test2017/img003653.jpg,latentdiff/513/img004617.jpg
coco/coco2017/train2017/img111557.jpg,latentdiff-t2i/images/img006537.jpg
coco/coco2017/train2017/img132020.jpg,latentdiff-t2i/images/img003089.jpg
coco/coco2017/val2017/img161614.jpg,latentdiff-t2i/images/img000808.jpg
coco/coco2017/train2017/img150265.jpg,latentdiff/767/img007420.jpg
coco/coco2017/train2017/img117661.jpg,latentdiff/941/img009365.jpg
coco/coco2017/train2017/img093297.jpg,latentdiff-t2i/images/img008448.jpg
coco/coco2017/train2017/img061876.jpg,latentdiff-t2i/images/img000150.jpg
coco/coco2017/test2017/img026822.jpg,latentdiff/12/img000241.jpg
coco/coco2017/train2017/img158497.jpg,latentdiff-t2i/images/img009532.jpg
coco/coco2017/test2017/img021953.jpg,latentdiff/160/img000690.jpg
coco/coco2017/train2017/img046207.jpg,latentdiff-t2i/images/img002238.jpg
coco/coco2017/test2017/img035021.jpg,latentdiff-t2i/images/img009255.jpg
coco/coco2017/train2017/img088860.jpg,latentdiff-t2i/images/img006840.jpg
coco/coco2017/train2017/img095311.jpg,latentdiff-t2i/images/img001086.jpg
coco/coco2017/val2017/img159613.jpg,latentdiff/136/img000429.jpg
coco/coco2017/train2017/img102274.jpg,latentdiff/817/img007983.jpg
coco/coco2017/test2017/img000432.jpg,latentdiff-t2i/images/img008703.jpg
coco/coco2017/train2017/img063424.jpg,latentdiff-t2i/images/img009386.jpg
coco/coco2017/test2017/img038672.jpg,latentdiff/797/img007754.jpg
coco/coco2017/train2017/img116285.jpg,latentdiff-t2i/images/img003112.jpg
coco/coco2017/test2017/img007143.jpg,latentdiff-t2i/images/img007455.jpg
coco/coco2017/val2017/img161441.jpg,latentdiff/697/img006642.jpg
coco/coco2017/test2017/img029858.jpg,latentdiff-t2i/images/img007667.jpg
coco/coco2017/train2017/img101570.jpg,latentdiff/561/img005147.jpg
coco/coco2017/train2017/img155873.jpg,latentdiff/816/img007974.jpg
coco/coco2017/test2017/img004284.jpg,latentdiff/35/img002795.jpg
coco/coco2017/train2017/img135798.jpg,latentdiff/451/img003925.jpg
coco/coco2017/train2017/img114988.jpg,latentdiff-t2i/images/img005098.jpg
coco/coco2017/train2017/img156045.jpg,latentdiff/126/img000313.jpg
coco/coco2017/train2017/img139888.jpg,latentdiff-t2i/images/img004888.jpg
coco/coco2017/test2017/img025587.jpg,latentdiff/984/img009836.jpg
coco/coco2017/train2017/img112011.jpg,latentdiff/825/img008075.jpg
coco/coco2017/train2017/img112679.jpg,latentdiff/305/img002305.jpg
coco/coco2017/train2017/img116147.jpg,latentdiff/346/img002754.jpg
coco/coco2017/train2017/img133266.jpg,latentdiff/912/img009043.jpg
coco/coco2017/train2017/img156995.jpg,latentdiff-t2i/images/img001013.jpg
coco/coco2017/train2017/img087786.jpg,latentdiff-t2i/images/img009476.jpg
coco/coco2017/test2017/img006787.jpg,latentdiff-t2i/images/img001605.jpg
coco/coco2017/test2017/img036824.jpg,latentdiff-t2i/images/img005256.jpg
coco/coco2017/train2017/img080645.jpg,latentdiff/869/img008557.jpg
coco/coco2017/train2017/img150251.jpg,latentdiff-t2i/images/img008448.jpg
coco/coco2017/train2017/img048906.jpg,latentdiff/870/img008578.jpg
coco/coco2017/train2017/img058355.jpg,latentdiff-t2i/images/img000170.jpg
coco/coco2017/train2017/img090034.jpg,latentdiff-t2i/images/img002477.jpg
coco/coco2017/train2017/img063019.jpg,latentdiff/512/img004605.jpg
coco/coco2017/val2017/img163358.jpg,latentdiff-t2i/images/img001003.jpg
coco/coco2017/test2017/img018925.jpg,latentdiff/193/img001059.jpg
coco/coco2017/test2017/img024964.jpg,latentdiff-t2i/images/img007420.jpg
coco/coco2017/train2017/img077728.jpg,latentdiff/331/img002597.jpg
coco/coco2017/train2017/img094833.jpg,latentdiff-t2i/images/img000953.jpg
coco/coco2017/train2017/img116482.jpg,latentdiff-t2i/images/img000568.jpg
coco/coco2017/train2017/img097113.jpg,latentdiff-t2i/images/img000667.jpg
coco/coco2017/train2017/img136980.jpg,latentdiff/131/img000372.jpg
coco/coco2017/train2017/img087398.jpg,latentdiff/892/img008817.jpg
coco/coco2017/val2017/img159561.jpg,latentdiff/721/img006928.jpg
coco/coco2017/test2017/img032218.jpg,latentdiff/601/img005592.jpg
coco/coco2017/test2017/img010503.jpg,latentdiff/750/img007245.jpg
coco/coco2017/train2017/img066717.jpg,latentdiff-t2i/images/img009558.jpg
coco/coco2017/train2017/img050528.jpg,latentdiff/573/img005275.jpg
coco/coco2017/train2017/img141192.jpg,latentdiff-t2i/images/img009058.jpg
coco/coco2017/train2017/img056419.jpg,latentdiff/430/img003698.jpg
coco/coco2017/train2017/img151735.jpg,latentdiff/868/img008543.jpg
coco/coco2017/test2017/img034152.jpg,latentdiff-t2i/images/img000233.jpg
coco/coco2017/train2017/img064258.jpg,latentdiff-t2i/images/img008514.jpg
coco/coco2017/train2017/img143086.jpg,latentdiff/993/img009935.jpg
coco/coco2017/train2017/img102695.jpg,latentdiff/520/img004692.jpg
coco/coco2017/train2017/img060788.jpg,latentdiff/626/img005866.jpg
coco/coco2017/train2017/img043840.jpg,latentdiff/574/img005288.jpg
coco/coco2017/train2017/img150412.jpg,latentdiff/252/img001712.jpg
coco/coco2017/train2017/img041175.jpg,latentdiff-t2i/images/img007154.jpg
coco/coco2017/train2017/img120768.jpg,latentdiff/729/img007009.jpg
coco/coco2017/train2017/img112788.jpg,latentdiff-t2i/images/img004470.jpg
coco/coco2017/train2017/img120650.jpg,latentdiff/188/img000996.jpg
coco/coco2017/test2017/img018610.jpg,latentdiff-t2i/images/img006362.jpg
coco/coco2017/train2017/img114326.jpg,latentdiff-t2i/images/img004645.jpg
coco/coco2017/test2017/img032328.jpg,latentdiff-t2i/images/img008963.jpg
coco/coco2017/train2017/img123579.jpg,latentdiff/116/img000202.jpg
coco/coco2017/test2017/img025352.jpg,latentdiff-t2i/images/img002159.jpg
coco/coco2017/train2017/img118711.jpg,latentdiff/526/img004751.jpg
coco/coco2017/test2017/img039837.jpg,latentdiff/935/img009295.jpg
coco/coco2017/train2017/img108860.jpg,latentdiff/450/img003918.jpg
coco/coco2017/train2017/img145317.jpg,latentdiff/480/img004244.jpg
coco/coco2017/train2017/img053473.jpg,latentdiff/772/img007481.jpg
coco/coco2017/train2017/img048690.jpg,latentdiff-t2i/images/img001505.jpg
coco/coco2017/test2017/img030814.jpg,latentdiff/90/img008907.jpg
coco/coco2017/train2017/img130825.jpg,latentdiff-t2i/images/img009683.jpg
coco/coco2017/train2017/img124985.jpg,latentdiff-t2i/images/img009157.jpg
coco/coco2017/train2017/img156938.jpg,latentdiff/173/img000831.jpg
coco/coco2017/train2017/img147230.jpg,latentdiff/238/img001555.jpg
coco/coco2017/val2017/img163015.jpg,latentdiff-t2i/images/img001257.jpg
coco/coco2017/test2017/img026636.jpg,latentdiff-t2i/images/img001167.jpg
coco/coco2017/train2017/img129772.jpg,latentdiff/189/img001006.jpg
coco/coco2017/train2017/img153347.jpg,latentdiff/253/img001723.jpg
coco/coco2017/train2017/img109010.jpg,latentdiff/457/img003980.jpg
coco/coco2017/train2017/img064725.jpg,latentdiff-t2i/images/img003403.jpg
coco/coco2017/test2017/img010051.jpg,latentdiff-t2i/images/img004859.jpg
coco/coco2017/train2017/img140450.jpg,latentdiff/54/img004900.jpg
coco/coco2017/train2017/img109765.jpg,latentdiff-t2i/images/img002174.jpg
coco/coco2017/train2017/img056456.jpg,latentdiff/13/img000351.jpg
coco/coco2017/train2017/img072397.jpg,latentdiff/976/img009747.jpg
coco/coco2017/train2017/img136100.jpg,latentdiff/582/img005376.jpg
coco/coco2017/train2017/img054252.jpg,latentdiff/593/img005494.jpg
coco/coco2017/train2017/img101951.jpg,latentdiff-t2i/images/img008385.jpg
coco/coco2017/train2017/img119588.jpg,latentdiff-t2i/images/img005442.jpg
coco/coco2017/test2017/img011438.jpg,latentdiff/635/img005961.jpg
coco/coco2017/train2017/img079493.jpg,latentdiff/737/img007099.jpg
coco/coco2017/train2017/img105520.jpg,latentdiff/396/img003300.jpg
coco/coco2017/train2017/img126699.jpg,latentdiff/269/img001891.jpg
coco/coco2017/train2017/img131816.jpg,latentdiff-t2i/images/img006853.jpg
coco/coco2017/train2017/img095987.jpg,latentdiff-t2i/images/img000419.jpg
coco/coco2017/train2017/img088906.jpg,latentdiff/241/img001597.jpg
coco/coco2017/test2017/img015161.jpg,latentdiff-t2i/images/img002514.jpg
coco/coco2017/train2017/img080476.jpg,latentdiff/11/img000136.jpg
coco/coco2017/train2017/img105052.jpg,latentdiff-t2i/images/img002529.jpg
coco/coco2017/test2017/img034662.jpg,latentdiff/110/img000149.jpg
coco/coco2017/train2017/img097778.jpg,latentdiff/892/img008817.jpg
coco/coco2017/train2017/img041354.jpg,latentdiff/1/img000019.jpg
coco/coco2017/test2017/img013374.jpg,latentdiff/949/img009445.jpg
coco/coco2017/train2017/img114549.jpg,latentdiff-t2i/images/img000847.jpg
coco/coco2017/test2017/img018582.jpg,latentdiff/418/img003556.jpg
coco/coco2017/test2017/img003118.jpg,latentdiff-t2i/images/img002767.jpg
coco/coco2017/train2017/img088500.jpg,latentdiff/801/img007811.jpg
coco/coco2017/val2017/img159208.jpg,latentdiff-t2i/images/img000741.jpg
coco/coco2017/test2017/img030060.jpg,latentdiff/471/img004141.jpg
coco/coco2017/train2017/img131382.jpg,latentdiff/271/img001922.jpg
coco/coco2017/test2017/img015864.jpg,latentdiff/129/img000345.jpg
coco/coco2017/test2017/img007192.jpg,latentdiff/722/img006931.jpg
coco/coco2017/train2017/img133703.jpg,latentdiff-t2i/images/img002708.jpg
coco/coco2017/train2017/img143540.jpg,latentdiff/796/img007744.jpg
coco/coco2017/train2017/img112793.jpg,latentdiff/878/img008658.jpg
coco/coco2017/train2017/img104229.jpg,latentdiff-t2i/images/img002101.jpg
coco/coco2017/train2017/img072079.jpg,latentdiff-t2i/images/img000901.jpg
coco/coco2017/test2017/img012715.jpg,latentdiff/856/img008419.jpg
coco/coco2017/train2017/img146383.jpg,latentdiff/888/img008763.jpg
coco/coco2017/test2017/img020711.jpg,latentdiff-t2i/images/img009117.jpg
coco/coco2017/test2017/img002644.jpg,latentdiff-t2i/images/img000273.jpg
coco/coco2017/train2017/img138077.jpg,latentdiff/170/img000807.jpg
coco/coco2017/train2017/img075658.jpg,latentdiff/707/img006764.jpg
coco/coco2017/test2017/img014414.jpg,latentdiff/830/img008131.jpg
coco/coco2017/train2017/img154536.jpg,latentdiff-t2i/images/img008727.jpg
coco/coco2017/train2017/img146926.jpg,latentdiff/411/img003482.jpg
coco/coco2017/train2017/img136682.jpg,latentdiff/859/img008443.jpg
coco/coco2017/train2017/img093209.jpg,latentdiff/341/img002704.jpg
coco/coco2017/train2017/img145341.jpg,latentdiff-t2i/images/img004894.jpg
coco/coco2017/test2017/img029031.jpg,latentdiff/827/img008095.jpg
coco/coco2017/train2017/img068205.jpg,latentdiff/312/img002388.jpg
coco/coco2017/test2017/img029091.jpg,latentdiff/953/img009497.jpg
coco/coco2017/test2017/img030948.jpg,latentdiff-t2i/images/img008744.jpg
coco/coco2017/train2017/img062810.jpg,latentdiff/820/img008028.jpg
coco/coco2017/train2017/img155378.jpg,latentdiff/538/img004883.jpg
coco/coco2017/train2017/img150860.jpg,latentdiff/11/img000135.jpg
coco/coco2017/train2017/img067852.jpg,latentdiff/954/img009505.jpg
coco/coco2017/test2017/img032257.jpg,latentdiff/814/img007958.jpg
coco/coco2017/train2017/img075494.jpg,latentdiff-t2i/images/img003993.jpg
coco/coco2017/train2017/img156689.jpg,latentdiff-t2i/images/img002463.jpg
coco/coco2017/test2017/img023561.jpg,latentdiff-t2i/images/img009069.jpg
coco/coco2017/train2017/img110999.jpg,latentdiff/396/img003302.jpg
coco/coco2017/train2017/img053466.jpg,latentdiff/225/img001410.jpg
coco/coco2017/train2017/img136098.jpg,latentdiff/951/img009477.jpg
coco/coco2017/train2017/img128850.jpg,latentdiff/219/img001346.jpg
coco/coco2017/test2017/img002783.jpg,latentdiff/9/img008891.jpg
coco/coco2017/train2017/img103827.jpg,latentdiff/770/img007461.jpg
coco/coco2017/train2017/img148916.jpg,latentdiff/953/img009491.jpg
coco/coco2017/train2017/img084974.jpg,latentdiff-t2i/images/img007652.jpg
coco/coco2017/train2017/img052778.jpg,latentdiff/668/img006327.jpg
coco/coco2017/train2017/img142892.jpg,latentdiff/658/img006214.jpg
coco/coco2017/train2017/img147408.jpg,latentdiff-t2i/images/img004911.jpg
coco/coco2017/train2017/img122431.jpg,latentdiff-t2i/images/img009669.jpg
coco/coco2017/test2017/img005181.jpg,latentdiff/52/img004685.jpg
coco/coco2017/train2017/img120605.jpg,latentdiff-t2i/images/img007682.jpg
coco/coco2017/train2017/img098523.jpg,latentdiff/514/img004623.jpg
coco/coco2017/train2017/img074014.jpg,latentdiff-t2i/images/img001570.jpg
coco/coco2017/test2017/img031558.jpg,latentdiff/445/img003850.jpg
coco/coco2017/test2017/img028447.jpg,latentdiff/618/img005775.jpg
coco/coco2017/train2017/img065355.jpg,latentdiff/612/img005715.jpg
coco/coco2017/train2017/img063342.jpg,latentdiff-t2i/images/img006221.jpg
coco/coco2017/train2017/img145048.jpg,latentdiff/886/img008743.jpg
coco/coco2017/test2017/img002636.jpg,latentdiff/714/img006842.jpg
coco/coco2017/train2017/img075215.jpg,latentdiff/284/img002063.jpg
coco/coco2017/train2017/img105778.jpg,latentdiff-t2i/images/img006809.jpg
coco/coco2017/train2017/img089745.jpg,latentdiff-t2i/images/img006884.jpg
coco/coco2017/test2017/img001105.jpg,latentdiff-t2i/images/img008972.jpg
coco/coco2017/train2017/img080249.jpg,latentdiff-t2i/images/img004846.jpg
coco/coco2017/test2017/img003620.jpg,latentdiff/106/img000099.jpg
coco/coco2017/test2017/img020317.jpg,latentdiff/49/img004344.jpg
coco/coco2017/train2017/img126203.jpg,latentdiff-t2i/images/img000547.jpg
coco/coco2017/train2017/img064583.jpg,latentdiff-t2i/images/img009716.jpg
coco/coco2017/train2017/img157930.jpg,latentdiff-t2i/images/img002617.jpg
coco/coco2017/train2017/img134611.jpg,latentdiff-t2i/images/img005363.jpg
coco/coco2017/train2017/img084066.jpg,latentdiff-t2i/images/img006988.jpg
coco/coco2017/train2017/img133427.jpg,latentdiff/892/img008815.jpg
coco/coco2017/train2017/img132040.jpg,latentdiff/399/img003332.jpg
coco/coco2017/train2017/img084084.jpg,latentdiff/204/img001184.jpg
coco/coco2017/train2017/img105767.jpg,latentdiff/718/img006883.jpg
coco/coco2017/test2017/img022892.jpg,latentdiff/402/img003385.jpg
coco/coco2017/train2017/img096275.jpg,latentdiff/659/img006229.jpg
coco/coco2017/train2017/img045205.jpg,latentdiff/53/img004794.jpg
coco/coco2017/train2017/img123600.jpg,latentdiff/658/img006216.jpg
coco/coco2017/train2017/img103872.jpg,latentdiff-t2i/images/img001929.jpg
coco/coco2017/test2017/img009009.jpg,latentdiff/491/img004367.jpg
coco/coco2017/train2017/img098753.jpg,latentdiff-t2i/images/img008383.jpg
coco/coco2017/train2017/img145628.jpg,latentdiff-t2i/images/img000030.jpg
coco/coco2017/train2017/img108173.jpg,latentdiff-t2i/images/img006450.jpg
coco/coco2017/train2017/img154903.jpg,latentdiff/544/img004958.jpg
coco/coco2017/test2017/img028462.jpg,latentdiff-t2i/images/img002050.jpg
coco/coco2017/train2017/img077337.jpg,latentdiff-t2i/images/img004168.jpg
coco/coco2017/train2017/img044818.jpg,latentdiff/920/img009138.jpg
coco/coco2017/train2017/img052988.jpg,latentdiff-t2i/images/img003469.jpg
coco/coco2017/test2017/img023160.jpg,latentdiff-t2i/images/img004522.jpg
coco/coco2017/train2017/img148183.jpg,latentdiff-t2i/images/img004224.jpg
coco/coco2017/train2017/img118149.jpg,latentdiff-t2i/images/img006549.jpg
coco/coco2017/train2017/img113340.jpg,latentdiff-t2i/images/img008822.jpg
coco/coco2017/train2017/img066731.jpg,latentdiff/867/img008537.jpg
coco/coco2017/test2017/img022555.jpg,latentdiff-t2i/images/img007966.jpg
coco/coco2017/train2017/img086061.jpg,latentdiff-t2i/images/img007130.jpg
coco/coco2017/train2017/img089296.jpg,latentdiff/550/img005020.jpg
coco/coco2017/train2017/img123613.jpg,latentdiff-t2i/images/img001368.jpg
coco/coco2017/train2017/img107641.jpg,latentdiff-t2i/images/img001557.jpg
coco/coco2017/train2017/img125970.jpg,latentdiff/610/img005690.jpg
coco/coco2017/train2017/img146936.jpg,latentdiff/162/img000713.jpg
coco/coco2017/train2017/img061670.jpg,latentdiff/105/img000086.jpg
coco/coco2017/train2017/img049215.jpg,latentdiff-t2i/images/img003547.jpg
coco/coco2017/train2017/img149270.jpg,latentdiff-t2i/images/img004468.jpg
coco/coco2017/train2017/img065186.jpg,latentdiff-t2i/images/img003268.jpg
coco/coco2017/train2017/img150001.jpg,latentdiff-t2i/images/img007901.jpg
coco/coco2017/train2017/img126204.jpg,latentdiff/273/img001940.jpg
coco/coco2017/train2017/img099448.jpg,latentdiff/441/img003815.jpg
coco/coco2017/train2017/img150874.jpg,latentdiff-t2i/images/img002521.jpg
coco/coco2017/train2017/img062367.jpg,latentdiff-t2i/images/img009159.jpg
coco/coco2017/train2017/img128702.jpg,latentdiff-t2i/images/img000134.jpg
coco/coco2017/train2017/img149868.jpg,latentdiff-t2i/images/img003385.jpg
coco/coco2017/train2017/img092618.jpg,latentdiff-t2i/images/img002605.jpg
